Name,Team,Group,Position,Games_Played,AB,R,H,Doubles,Triples,HR,RBI,Walks,Strike_Outs
"Allard, K",ATL,Battery,P,3,1,1,1,0,0,0,0,0,0
"Gibson, K",MIN,Battery,P,1,2,2,2,0,0,0,0,0,0
"Law, D",SF,Battery,P,7,1,1,1,0,0,0,0,0,0
"Nuno, V",TB,Battery,P,1,2,0,2,0,0,0,1,0,0
"Romero, E",KC,Battery,P,4,1,1,1,1,0,0,0,0,0
"Rosario, R",CHC,Battery,P,43,1,1,1,0,0,0,1,1,0
"Sobotka, C",ATL,Battery,P,14,1,0,1,0,0,0,0,0,0
"Jennings, D",MIL,Battery,P,65,3,1,2,1,0,0,0,0,1
"Lavarnway, R",PIT,Battery,C,6,6,1,4,1,0,0,1,0,1
"Bergman, C",SEA,Battery,P,1,2,0,1,0,0,0,1,0,0
"Biddle, J",ATL,Battery,P,56,2,0,1,1,0,0,1,0,0
"Blevins, J",NYM,Battery,P,60,2,0,1,0,0,0,1,0,1
"Elias, R",SEA,Battery,P,3,2,0,1,0,0,0,0,0,1
"Garneau, D",CWS,Battery,C,1,2,0,1,0,0,0,1,1,0
"Hader, J",MIL,Battery,P,52,2,1,1,0,0,0,0,0,1
"Kennedy, I",KC,Battery,P,1,2,0,1,0,0,0,0,0,0
"Lopez, J",KC,Battery,P,10,2,1,1,1,0,0,2,0,1
"Rusin, C",COL,Battery,P,45,4,0,2,0,0,0,0,0,1
"Santana, D",LAD,Battery,P,2,2,0,1,1,0,0,2,0,1
"Vincej, Z",SEA,Infield,SS,1,4,0,2,0,0,0,1,0,1
"Porcello, R",BOS,Battery,P,3,7,1,3,2,0,0,3,0,3
"Davis, T",CHC,Battery,C,5,5,0,2,0,0,0,2,0,1
"Zagunis, M",CHC,Outfield,RF,5,5,0,2,1,0,0,1,1,1
"Jones, R",SF,Infield,3B,5,8,2,3,0,0,2,3,0,5
"Astudillo, W",MIN,Battery,C,29,93,9,33,4,1,3,21,2,3
"Betts, M",BOS,Outfield,RF,136,520,129,180,47,5,32,80,81,91
"Lagares, J",NYM,Outfield,CF,30,59,9,20,1,1,0,6,3,9
"Brigham, J",MIA,Battery,P,4,3,1,1,0,0,0,0,0,1
"Cole, A",NYY,Battery,P,6,3,1,1,0,0,1,1,0,1
"Conlon, P",NYM,Battery,P,3,3,1,1,0,0,0,0,0,0
"Gaviglio, S",TOR,Battery,P,2,3,0,1,1,0,0,0,0,1
"Grace, M",WSH,Battery,P,54,3,0,1,0,0,0,0,0,0
"Happ, J",NYY,Battery,P,2,6,2,2,0,0,0,0,1,3
"Kang, J",PIT,Infield,3B,3,6,0,2,0,0,0,0,0,1
"Keller, B",KC,Battery,P,3,3,1,1,0,0,0,0,0,1
"LeBlanc, W",SEA,Battery,P,3,3,0,1,0,0,0,0,0,2
"McGuire, D",LAA,Battery,P,3,3,0,1,0,0,0,0,0,1
"Mengden, D",OAK,Battery,P,1,3,1,1,0,0,0,1,0,1
"Minor, M",TEX,Battery,P,1,3,0,1,1,0,0,0,0,1
"Straw, M",HOU,Outfield,CF,9,9,4,3,0,0,1,1,1,0
"Stroman, M",TOR,Battery,P,1,3,0,1,0,0,0,0,0,1
"Martinez, J",BOS,Outfield,LF,150,569,111,188,37,2,43,130,69,146
"McNeil, J",NYM,Infield,2B,63,225,35,74,11,6,3,19,14,24
"Yelich, C",MIL,Outfield,LF,147,574,118,187,34,7,36,110,68,135
"Voit, L",NYY,Infield,1B,47,143,30,46,5,0,15,36,17,43
"Chisenhall, L",CLE,Outfield,RF,29,84,11,27,6,1,1,9,8,12
"Altuve, J",HOU,Infield,2B,137,534,84,169,29,2,13,61,55,79
"Tellez, R",TOR,Infield,1B,23,70,10,22,9,0,4,14,2,21
"Turner, J",LAD,Infield,3B,103,365,62,114,31,1,14,52,47,54
"Trout, M",LAA,Outfield,CF,140,471,101,147,24,4,39,79,122,124
"Diaz, Y",CLE,Infield,3B,39,109,15,34,5,2,1,15,11,19
"Gennett, S",CIN,Infield,2B,154,584,86,181,30,3,23,92,42,125
"Freeman, F",ATL,Infield,1B,162,618,94,191,44,4,23,98,76,132
"Brantley, M",CLE,Outfield,LF,143,570,89,176,36,2,17,76,48,60
"Rendon, A",WSH,Infield,3B,136,529,88,163,44,2,24,92,55,82
"Cain, L",MIL,Outfield,CF,141,539,90,166,25,2,10,38,71,94
"Ramos, W",PHI,Battery,C,111,382,39,117,22,1,15,70,32,80
"Zobrist, B",CHC,Infield,2B,139,455,67,139,28,3,9,58,55,60
"Martinez, J",STL,Infield,1B,152,534,64,163,30,0,17,83,49,104
"Merrifield, W",KC,Infield,2B,158,632,88,192,43,3,12,60,61,114
"Segura, J",SEA,Infield,SS,144,586,91,178,29,3,10,63,32,69
"Cano, R",SEA,Infield,2B,80,310,44,94,22,0,10,50,32,47
"Kendrick, H",WSH,Infield,2B,40,152,17,46,14,0,4,12,5,29
"Eaton, A",WSH,Outfield,RF,95,319,55,96,18,1,5,33,38,64
"Castro, H",DET,Infield,3B,6,10,2,3,0,0,0,0,0,2
"Marquez, G",COL,Battery,P,31,60,4,18,0,0,1,5,0,11
"Velazquez, A",TB,Infield,SS,13,10,3,3,1,0,0,0,1,3
"Wendle, J",TB,Infield,2B,139,487,62,146,33,6,7,61,37,96
"Dickerson, C",PIT,Outfield,LF,135,504,65,151,35,7,13,55,21,80
"Winker, J",CIN,Outfield,RF,89,281,38,84,16,0,7,43,49,46
"Murphy, D",CHC,Infield,2B,91,328,40,98,15,0,12,42,20,40
"Cabrera, M",DET,Infield,1B,38,134,17,40,11,0,3,22,22,27
"Castellanos, N",DET,Outfield,RF,157,620,88,185,46,5,23,89,49,151
"Machado, M",LAD,Infield,SS,162,632,84,188,35,3,37,107,70,104
"Markakis, N",ATL,Outfield,RF,162,623,78,185,43,2,14,93,72,80
"Andujar, M",NYY,Infield,3B,149,573,83,170,47,2,27,92,25,97
"Arenado, N",COL,Infield,3B,156,590,104,175,38,2,38,110,73,122
"Freese, D",LAD,Infield,3B,113,280,38,83,12,2,11,51,24,72
"Martini, N",OAK,Outfield,LF,55,152,26,45,9,3,1,19,21,36
"Smith, M",TB,Outfield,CF,141,480,65,142,27,10,2,40,47,98
"Duffy, M",TB,Infield,3B,132,503,59,148,22,1,4,44,47,93
"Acuna Jr., R",ATL,Outfield,LF,111,433,78,127,26,4,26,64,45,123
"Reyes, P",PIT,Outfield,LF,18,58,9,17,2,0,3,7,5,11
"Urena, R",TOR,Infield,SS,40,99,10,29,4,0,1,6,7,32
"Casali, C",CIN,Battery,C,52,140,15,41,10,0,4,16,12,32
"Peralta, D",ARI,Outfield,LF,146,560,75,164,25,5,30,87,48,124
"Williams, M",CIN,Outfield,RF,51,123,10,36,5,1,2,6,7,29
"Simmons, A",LAA,Infield,SS,146,554,68,162,26,5,11,75,35,44
"Smith, K",LAA,Battery,C,52,171,21,50,6,0,3,21,10,18
"Soto, J",WSH,Outfield,LF,116,414,77,121,25,1,22,70,79,99
"Story, T",COL,Infield,SS,157,598,88,174,42,6,37,108,47,168
"Blackmon, C",COL,Outfield,CF,156,626,119,182,31,7,29,70,59,134
"Gurriel, Y",HOU,Infield,1B,136,537,70,156,33,1,13,85,23,63
"Baez, J",CHC,Infield,2B,160,606,101,176,40,9,34,111,29,167
"Lorenzen, M",CIN,Battery,P,54,31,5,9,1,0,4,10,2,9
"McGuire, R",TOR,Battery,C,14,31,5,9,3,0,2,4,2,9
"Benintendi, A",BOS,Outfield,LF,148,579,103,168,41,6,16,87,71,106
"Goldschmidt, P",ARI,Infield,1B,158,593,95,172,35,5,33,83,90,173
"Kemp, M",LAD,Outfield,LF,146,462,62,134,25,0,21,85,36,115
"Bogaerts, X",BOS,Infield,SS,136,513,72,148,45,3,23,103,55,102
"Laureano, R",OAK,Outfield,RF,48,156,27,45,12,1,5,19,16,50
"Robles, V",WSH,Outfield,CF,21,59,8,17,3,1,3,10,4,12
"Polanco, J",MIN,Infield,SS,77,302,38,87,18,3,6,42,25,62
"Rosario, E",MIN,Outfield,LF,138,559,87,161,31,2,24,77,30,104
"Peraza, J",CIN,Infield,SS,157,632,85,182,31,4,14,58,29,75
"Meadows, A",TB,Outfield,CF,59,178,19,51,9,2,6,17,10,40
"Bregman, A",HOU,Infield,3B,157,594,105,170,51,1,31,103,96,85
"Almora Jr., A",CHC,Outfield,CF,152,444,62,127,24,1,5,41,24,83
"Diaz, E",PIT,Battery,C,82,252,33,72,12,0,10,34,21,40
"Garcia, A",SF,Battery,C,19,63,8,18,1,0,4,9,2,31
"Reed, M",ATL,Outfield,CF,7,7,1,2,0,0,0,0,0,3
"Ohtani, S",LAA,Battery,P,104,326,59,93,21,2,22,61,37,102
"Haniger, M",SEA,Outfield,RF,157,596,90,170,38,4,26,93,70,148
"Votto, J",CIN,Infield,1B,145,503,67,143,28,2,12,67,108,101
"Parra, G",COL,Outfield,LF,142,401,52,114,17,0,6,53,32,75
"Posey, B",SF,Battery,C,105,398,47,113,22,1,5,41,45,53
"Perez, M",TB,Battery,C,24,74,9,21,5,0,1,11,3,19
"Pearce, S",BOS,Infield,1B,76,215,35,61,14,1,11,42,29,41
"Holliday, M",COL,Outfield,LF,25,53,3,15,2,0,2,3,12,18
"Suarez, E",CIN,Infield,3B,143,527,79,149,22,2,34,104,64,142
"Rizzo, A",CHC,Infield,1B,153,566,74,160,29,1,25,101,70,80
"Mauer, J",MIN,Infield,1B,127,486,64,137,27,1,6,48,51,86
"Gurriel Jr., L",TOR,Infield,2B,65,249,30,70,8,0,11,35,9,59
"Jones, A",BAL,Outfield,CF,145,580,54,163,35,0,15,63,24,93
"Ozuna, M",STL,Outfield,LF,148,582,69,163,16,2,23,88,38,110
"Cabrera, M",CLE,Outfield,RF,78,250,28,70,17,0,6,39,20,38
"Torreyes, R",NYY,Infield,2B,41,100,9,28,7,1,0,7,2,16
"Reyes, F",SD,Outfield,RF,87,261,36,73,9,0,16,31,24,80
"LaMarre, R",CWS,Outfield,CF,76,165,15,46,11,0,2,18,10,53
"Judge, A",NYY,Outfield,RF,112,413,77,115,22,0,27,67,76,152
"Castro, S",MIA,Infield,2B,154,593,76,165,32,2,12,54,48,124
"Chapman, M",OAK,Infield,3B,145,547,100,152,42,6,24,68,58,146
"Adames, W",TB,Infield,SS,85,288,43,80,7,0,10,34,31,95
"Marte, S",PIT,Outfield,CF,145,559,81,155,32,5,20,72,35,109
"Holt, B",BOS,Infield,2B,109,321,41,89,18,2,7,46,37,73
"Moran, C",PIT,Infield,3B,144,415,49,115,19,1,11,58,39,82
"Lindor, F",CLE,Infield,SS,158,661,129,183,42,2,38,92,70,107
"Frazier, A",PIT,Infield,2B,113,318,52,88,23,2,10,35,29,53
"Realmuto, J",MIA,Battery,C,125,477,74,132,30,3,21,74,38,104
"Gonzalez, C",COL,Outfield,RF,132,463,71,128,32,4,16,64,37,113
"Munoz, Y",STL,Infield,SS,108,293,39,81,16,0,8,42,30,71
"Mondesi, A",KC,Infield,SS,75,275,47,76,13,3,14,37,11,77
"White, T",HOU,Infield,1B,66,210,27,58,12,3,12,42,24,49
"Sanchez, A",WSH,Infield,SS,28,58,8,16,2,1,0,3,1,8
"LeMahieu, D",COL,Infield,2B,128,533,90,147,32,2,15,62,37,82
"Pham, T",TB,Outfield,CF,137,494,102,136,18,6,21,63,67,140
"Hampson, G",COL,Infield,2B,24,40,3,11,3,1,0,4,7,12
"Narvaez, O",CWS,Battery,C,97,280,30,77,14,1,9,30,38,65
"Fletcher, D",LAA,Infield,3B,80,284,35,78,18,2,1,25,15,34
"Aguilar, J",MIL,Infield,1B,149,492,80,135,25,0,35,108,58,143
"Dahl, D",COL,Outfield,RF,77,249,31,68,11,3,16,48,19,68
"Anderson, B",MIA,Outfield,RF,156,590,87,161,34,4,11,65,62,129
"Avelino, A",SF,Infield,SS,6,11,1,3,0,0,0,0,0,3
"Grossman, R",MIN,Outfield,RF,129,396,50,108,27,1,5,48,60,83
"O'Brien, P",MIA,Outfield,LF,22,66,8,18,5,0,4,10,7,22
"Skole, M",CWS,Infield,1B,4,11,2,3,0,0,1,1,2,3
"Beltre, A",TEX,Infield,3B,119,433,49,118,23,1,15,65,34,96
"Bryant, K",CHC,Infield,3B,102,389,59,106,28,3,13,52,48,107
"Gamel, B",SEA,Outfield,LF,101,257,37,70,14,4,1,19,31,61
"Escobar, E",ARI,Infield,3B,151,566,75,154,48,3,23,84,52,126
"Camargo, J",ATL,Infield,3B,134,464,63,126,27,1,19,76,51,108
"Ellis, A",SD,Battery,C,66,151,19,41,8,0,1,15,26,37
"Torres, G",NYY,Infield,2B,123,431,54,117,16,1,24,77,42,122
"Garcia, L",CWS,Outfield,LF,82,258,23,70,7,4,4,32,9,69
"Turner, T",WSH,Infield,SS,162,664,103,180,27,6,19,73,69,132
"Suzuki, K",ATL,Battery,C,105,347,45,94,24,0,12,50,22,43
"Heyward, J",CHC,Outfield,RF,127,440,67,119,23,4,8,57,42,60
"Culberson, C",ATL,Outfield,LF,113,296,47,80,18,2,12,45,21,85
"Franco, M",PHI,Infield,3B,131,433,48,117,17,1,22,68,29,62
"Ramirez, J",CLE,Infield,3B,157,578,110,156,38,4,39,105,106,80
"Gentry, C",BAL,Outfield,RF,68,156,13,42,5,2,1,11,11,31
"Ryu, H",LAD,Battery,P,16,26,4,7,1,0,0,2,2,13
"Iglesias, J",DET,Infield,SS,125,432,43,116,31,3,5,48,19,47
"Garver, M",MIN,Battery,C,102,302,38,81,19,2,7,45,29,72
"Gordon, D",SEA,Infield,2B,141,556,62,149,17,8,4,36,9,80
"Gregorius, D",NYY,Infield,SS,134,504,89,135,23,5,27,86,48,69
"Jay, J",ARI,Outfield,RF,143,527,74,141,19,7,3,40,33,95
"Piscotty, S",OAK,Outfield,RF,151,546,78,146,41,0,27,88,42,114
"Seager, C",LAD,Infield,SS,26,101,13,27,5,1,2,13,11,17
"Fernandez, J",LAA,Infield,2B,36,116,9,31,8,0,2,11,6,15
"Adduci, J",DET,Infield,1B,59,176,19,47,8,2,3,21,6,45
"Flores, W",NYM,Infield,1B,126,386,43,103,25,0,11,51,29,42
"Lowrie, J",OAK,Infield,2B,157,596,78,159,37,1,23,99,78,128
"Berti, J",TOR,Infield,3B,4,15,2,4,1,1,0,2,0,4
"Gomez, M",SF,Infield,2B,9,15,3,4,0,0,0,1,0,5
"Puig, Y",LAD,Outfield,RF,125,405,60,108,21,1,23,63,36,87
"Stewart, C",DET,Outfield,LF,17,60,7,16,1,1,2,10,10,13
"La Stella, T",CHC,Infield,3B,123,169,23,45,8,0,1,19,17,27
"Stanton, G",NYY,Outfield,LF,158,617,102,164,34,1,38,100,70,211
"Gomes, Y",CLE,Battery,C,112,403,52,107,26,0,16,48,21,119
"Santana, D",MIL,Outfield,RF,85,211,21,56,14,1,5,20,20,77
"Cave, J",MIN,Outfield,CF,91,283,54,75,16,2,13,45,18,102
"Frazier, C",NYY,Outfield,LF,15,34,9,9,3,0,0,1,5,13
"Gonzalez, E",CLE,Infield,2B,81,136,17,36,10,1,1,16,5,34
"Springer, G",HOU,Outfield,CF,140,544,102,144,26,0,22,71,64,122
"Inciarte, E",ATL,Outfield,CF,156,597,83,158,27,6,10,61,49,86
"Nunez, E",BOS,Infield,2B,127,480,56,127,23,3,10,44,16,69
"Soler, J",KC,Outfield,RF,61,223,27,59,18,0,9,28,28,69
"Abreu, J",CWS,Infield,1B,128,499,68,132,36,1,22,78,37,109
"Dietrich, D",MIA,Outfield,LF,149,499,72,132,26,2,16,45,29,140
"Naquin, T",CLE,Outfield,RF,61,174,22,46,7,0,3,23,6,42
"Choo, S",TEX,Outfield,RF,146,560,83,148,30,1,21,62,92,156
"Arroyo, C",TB,Infield,3B,20,53,5,14,2,1,1,6,6,16
"Tilson, C",CWS,Outfield,CF,41,106,7,28,1,1,0,11,10,20
"Zimmerman, R",WSH,Infield,1B,85,288,33,76,21,2,13,51,30,55
"Bader, H",STL,Outfield,RF,138,379,61,100,20,2,12,37,31,125
"Muncy, M",LAD,Infield,1B,137,395,75,104,17,2,35,79,79,131
"Nimmo, B",NYM,Outfield,CF,140,433,77,114,28,8,17,47,80,140
"Barnes, B",CLE,Outfield,CF,19,19,2,5,0,0,1,2,2,5
"Choi, J",TB,Infield,1B,61,190,25,50,14,1,10,32,26,55
"Diaz, A",TOR,Infield,SS,130,422,55,111,26,0,18,55,23,62
"Kemp, T",HOU,Outfield,LF,97,255,37,67,15,0,6,30,32,44
"Valencia, D",BAL,Infield,3B,78,255,28,67,8,1,9,28,22,53
"Cespedes, Y",NYM,Outfield,LF,38,141,20,37,6,0,9,29,13,50
"Robertson, D",TB,Infield,2B,87,282,46,74,16,0,9,34,43,77
"Gyorko, J",STL,Infield,3B,125,351,49,92,19,1,11,47,44,77
"Cabrera, A",PHI,Infield,2B,147,546,68,143,36,1,23,75,41,119
"O'Hearn, R",KC,Infield,1B,44,149,23,39,10,2,12,30,20,45
"Alfaro, J",PHI,Battery,C,108,344,35,90,16,2,10,37,18,138
"Smith Jr., D",TOR,Outfield,LF,35,65,9,17,8,0,2,8,7,13
"Bell, J",PIT,Infield,1B,148,501,74,131,31,4,12,62,77,104
"Molina, Y",STL,Battery,C,123,459,55,120,20,0,20,74,29,66
"Albies, O",ATL,Infield,2B,158,639,105,167,40,5,24,72,36,116
"Kiner-Falefa, I",TEX,Infield,3B,111,356,43,93,18,2,4,34,28,62
"Span, D",SEA,Outfield,LF,137,437,63,114,22,7,11,58,51,79
"Trumbo, M",BAL,DH,DH,90,330,41,86,12,0,17,44,24,87
"Hicks, J",DET,Infield,1B,81,288,35,75,12,1,9,32,22,84
"Bellinger, C",LAD,Infield,1B,162,557,84,145,28,7,25,76,69,151
"Wisdom, P",STL,Infield,3B,32,50,11,13,1,0,4,10,6,19
"Verdugo, A",LAD,Outfield,CF,37,77,11,20,6,0,1,4,8,14
"Villar, J",BAL,Infield,2B,141,466,54,121,14,1,14,46,41,138
"Marte, K",ARI,Infield,2B,153,520,68,135,26,12,14,59,54,79
"Quinn, R",PHI,Outfield,CF,50,131,13,34,6,4,2,12,10,35
"Jankowski, T",SD,Outfield,RF,117,347,45,90,12,3,4,17,37,73
"Viloria, M",KC,Battery,C,10,27,4,7,2,0,0,4,1,9
"Cervelli, F",PIT,Battery,C,104,332,39,86,15,3,12,57,51,84
"Castillo, W",CWS,Battery,C,49,170,17,44,7,0,6,15,9,46
"Nunez, R",BAL,Infield,3B,73,236,28,61,14,0,8,22,19,62
"Pinder, C",OAK,Outfield,LF,110,298,43,77,12,1,13,27,27,88
"Mazara, N",TEX,Outfield,RF,128,489,61,126,25,1,20,77,40,116
"Carpenter, M",STL,Infield,3B,156,564,111,145,42,0,36,81,102,158
"Upton, J",LAA,Outfield,LF,145,533,80,137,18,1,30,85,64,176
"Pollock, A",ARI,Outfield,CF,113,413,61,106,21,5,21,65,31,100
"Allen, G",CLE,Outfield,CF,91,265,36,68,11,3,2,20,14,58
"Rosario, A",NYM,Infield,SS,154,554,76,142,26,8,9,51,29,119
"Cruz, N",SEA,DH,DH,144,519,70,133,18,1,37,97,55,122
"Hernandez, K",LAD,Outfield,CF,145,402,67,103,17,3,21,52,50,78
"Andrus, E",TEX,Infield,SS,97,395,53,101,20,3,6,33,28,66
"Williams, N",PHI,Outfield,RF,140,407,53,104,12,3,17,50,32,111
"Duggar, S",SF,Outfield,CF,41,141,20,36,11,1,2,17,10,44
"Schebler, S",CIN,Outfield,RF,107,380,55,97,19,0,17,49,39,99
"McCutchen, A",NYY,Outfield,RF,155,569,83,145,30,3,20,65,95,145
"Semien, M",OAK,Infield,SS,159,632,89,161,35,2,15,70,61,131
"Martin, L",CLE,Outfield,CF,84,318,48,81,15,3,11,33,30,77
"Herrera, O",PHI,Outfield,CF,148,550,64,140,19,3,22,71,38,122
"Wynns, A",BAL,Battery,C,42,110,16,28,2,0,4,11,5,25
"Braun, R",MIL,Outfield,LF,125,405,59,103,25,1,20,64,34,85
"Crawford, B",SF,Infield,SS,151,531,63,135,28,2,14,54,50,122
"Ramirez, H",BOS,Infield,1B,44,177,25,45,7,0,6,29,14,35
"Panik, J",SF,Infield,2B,102,358,38,91,14,1,4,24,26,30
"O'Neill, T",STL,Outfield,LF,61,130,29,33,5,0,9,23,7,57
"Profar, J",TEX,Infield,SS,146,524,82,133,35,6,20,77,54,88
"Polanco, G",PIT,Outfield,RF,130,461,75,117,32,6,23,81,61,117
"Taylor, C",LAD,Infield,SS,155,536,85,136,35,8,17,63,55,178
"Cron, C",TB,Infield,1B,140,501,68,127,28,1,30,74,37,145
"Stevenson, A",WSH,Outfield,LF,57,75,9,19,2,0,1,13,6,23
"Myers, W",SD,Outfield,LF,83,312,39,79,25,1,11,39,30,94
"Odor, R",TEX,Infield,2B,129,474,76,120,23,2,18,63,43,127
"Perez, H",MIL,Infield,2B,132,316,36,80,11,2,9,29,17,71
"Belt, B",SF,Infield,1B,112,399,50,101,18,2,14,46,49,107
"Hernandez, C",PHI,Infield,2B,161,605,91,153,15,3,15,60,95,155
"Hosmer, E",SD,Infield,1B,157,613,72,155,31,2,18,69,62,142
"Ervin, P",CIN,Outfield,RF,78,218,27,55,10,1,7,31,20,60
"McKinney, B",TOR,Outfield,LF,38,119,14,30,7,0,6,13,11,33
"Rojas, M",MIA,Infield,SS,153,488,44,123,13,0,11,53,24,69
"Pillar, K",TOR,Outfield,CF,142,512,65,129,40,2,15,59,18,98
"Hanson, A",SF,Infield,2B,110,294,36,74,17,5,8,39,9,71
"Pina, M",MIL,Battery,C,98,306,39,77,13,2,9,28,21,62
"Moustakas, M",MIL,Infield,3B,152,573,66,144,33,1,28,95,49,103
"Mercer, J",PIT,Infield,SS,117,394,43,99,29,2,6,39,32,87
"Slater, A",SF,Outfield,LF,74,199,21,50,6,1,1,23,20,69
"Adrianza, E",MIN,Infield,SS,114,335,42,84,23,1,6,39,24,82
"Martinez, V",DET,DH,DH,133,467,32,117,21,0,9,54,32,49
"Alonso, Y",CLE,Infield,1B,145,516,64,129,19,0,23,83,51,123
"Anderson, B",OAK,Battery,P,2,4,0,1,0,0,0,0,0,0
"Bieber, S",CLE,Battery,P,2,4,0,1,1,0,0,0,1,2
"Carrasco, C",CLE,Battery,P,1,4,0,1,0,0,0,1,0,2
"Fillmyer, H",KC,Battery,P,2,4,0,1,1,0,0,1,0,3
"Gonzalez, M",MIA,Battery,P,7,4,0,1,0,0,0,0,0,2
"Graterol, J",CIN,Battery,C,4,8,2,2,0,0,0,0,1,0
"Harrison, J",PIT,Infield,2B,97,344,41,86,13,1,8,37,18,68
"Hutchison, D",TEX,Battery,P,11,4,0,1,0,0,0,0,1,2
"Johnson, B",BOS,Battery,P,2,4,1,1,0,0,0,0,0,1
"Perdomo, L",SD,Battery,P,10,8,0,2,0,0,0,1,0,3
"Plouffe, T",PHI,Infield,3B,7,12,1,3,0,0,1,3,0,6
"Russell, A",CHC,Infield,SS,130,420,52,105,21,1,5,38,40,99
"Stewart, D",BAL,Outfield,RF,17,40,8,10,3,0,3,10,4,12
"Trevino, J",TEX,Battery,C,3,8,0,2,0,0,0,3,0,1
"Williams, T",MIL,Battery,P,52,4,0,1,0,0,0,0,0,3
"Woodruff, B",MIL,Battery,P,19,8,2,2,0,0,1,1,1,1
"Morales, K",TOR,DH,DH,130,413,47,103,15,0,21,57,50,95
"Canha, M",OAK,Outfield,CF,122,365,60,91,22,0,17,52,34,88
"Wong, K",STL,Infield,2B,127,353,41,88,18,2,9,38,31,60
"Harper, B",WSH,Outfield,RF,159,550,103,137,34,0,34,100,130,169
"Contreras, W",CHC,Battery,C,138,474,50,118,27,5,10,54,53,121
"Pirela, J",SD,Infield,2B,146,438,54,109,23,2,5,32,30,89
"Maybin, C",SEA,Outfield,LF,129,342,32,85,14,2,4,28,38,75
"Renfroe, H",SD,Outfield,RF,117,403,53,100,23,1,26,68,30,109
"Pederson, J",LAD,Outfield,LF,148,395,65,98,27,3,25,56,40,85
"Hicks, A",NYY,Outfield,CF,137,480,90,119,18,3,27,79,90,111
"Barnhart, T",CIN,Battery,C,138,460,50,114,21,3,10,46,54,96
"Miller, B",MIL,Infield,2B,75,230,21,57,13,2,7,29,22,82
"Sandoval, P",SF,Infield,3B,92,230,22,57,10,1,9,40,19,52
"Reynolds, M",WSH,Infield,1B,86,206,26,51,8,0,13,40,24,64
"Maile, L",TOR,Battery,C,68,202,22,50,13,1,3,27,25,67
"Galvis, F",SD,Infield,SS,162,602,62,149,31,5,13,67,45,147
"Gonzalez, M",HOU,Outfield,LF,145,489,61,121,25,3,16,68,53,126
"Jansen, D",TOR,Battery,C,31,81,12,20,6,0,3,8,9,17
"Hechavarria, A",NYY,Infield,SS,94,296,34,73,11,0,6,31,16,58
"Olson, M",OAK,Infield,1B,162,580,85,143,33,0,29,84,70,163
"Davis, K",OAK,Outfield,LF,151,576,98,142,28,1,48,123,59,175
"Lin, T",BOS,Infield,SS,37,65,15,16,6,1,1,6,8,17
"Saladino, T",MIL,Infield,SS,58,126,13,31,4,0,5,16,9,41
"Encarnacion, E",CLE,DH,DH,137,500,74,123,16,1,32,107,63,132
"Donaldson, J",CLE,Infield,3B,52,187,30,46,14,0,8,23,31,54
"Petit, G",MIN,Infield,SS,26,61,7,15,2,0,0,3,6,14
"Hoskins, R",PHI,Outfield,LF,153,558,89,137,38,0,34,96,87,150
"Goodrum, N",DET,Infield,2B,131,444,55,109,29,3,16,53,42,132
"Grichuk, R",TOR,Outfield,RF,124,424,60,104,32,1,25,61,27,122
"Margot, M",SD,Outfield,CF,141,477,50,117,26,8,8,51,32,88
"Pujols, A",LAA,Infield,1B,117,465,50,114,20,0,19,64,28,65
"Gordon, A",KC,Outfield,LF,141,506,56,124,24,0,13,54,50,124
"Moreland, M",BOS,Infield,1B,124,404,57,99,23,4,15,68,50,102
"Jackson, A",NYM,Outfield,CF,116,347,29,85,17,1,3,32,26,133
"Rickard, J",BAL,Outfield,CF,79,213,27,52,10,1,8,23,15,55
"Romine, A",NYY,Battery,C,77,242,30,59,12,0,10,42,17,67
"Longoria, E",SF,Infield,3B,125,480,51,117,25,4,16,54,22,101
"Prado, M",MIA,Infield,3B,54,197,16,48,9,0,1,18,11,35
"Conforto, M",NYM,Outfield,CF,153,543,78,132,25,1,28,82,84,159
"Scherzer, M",WSH,Battery,P,32,70,8,17,2,0,0,6,1,14
"Reddick, J",HOU,Outfield,RF,134,433,63,105,13,2,17,47,49,77
"Martinez, C",STL,Battery,P,33,33,1,8,2,0,1,4,0,11
"Mancini, T",BAL,Outfield,LF,156,582,69,141,23,3,24,58,44,153
"Granderson, C",MIL,Outfield,LF,123,343,60,83,22,2,13,38,54,106
"Sanchez, Y",CWS,Infield,3B,155,600,62,145,34,10,8,55,49,138
"Smoak, J",TOR,Infield,1B,147,505,67,122,34,0,25,77,83,156
"Hundley, N",SF,Battery,C,96,282,34,68,13,2,10,31,22,85
"Lucroy, J",OAK,Battery,C,126,415,41,100,21,1,4,51,29,65
"Shaw, T",MIL,Infield,3B,152,498,73,120,23,0,32,86,78,108
"Grandal, Y",LAD,Battery,C,140,440,65,106,23,2,24,68,72,124
"Duda, L",ATL,Infield,1B,107,328,35,79,14,1,14,50,28,102
"DeJong, P",STL,Infield,SS,115,436,68,105,25,1,19,68,36,123
"Kinsler, I",BOS,Infield,2B,128,487,66,117,26,0,14,48,40,64
"Adams, L",ATL,Outfield,CF,26,25,10,6,1,0,2,6,4,8
"Devers, R",BOS,Infield,3B,121,450,59,108,24,0,21,66,38,121
"Anderson, T",CWS,Infield,SS,153,567,77,136,28,3,20,64,30,149
"Palka, D",CWS,Outfield,RF,124,417,56,100,15,3,27,67,30,153
"Hernandez, T",TOR,Outfield,LF,134,476,67,114,29,7,22,57,41,163
"Briceno, J",LAA,Battery,C,46,117,12,28,2,0,5,10,8,35
"Bote, D",CHC,Infield,3B,74,184,23,44,9,2,6,33,19,60
"Kershaw, C",LAD,Battery,P,25,46,1,11,2,0,0,7,7,11
"Goodwin, B",KC,Outfield,CF,75,159,20,38,6,0,6,25,16,57
"Correa, C",HOU,Infield,SS,110,402,60,96,20,1,15,65,53,111
"Adams, M",STL,Infield,1B,121,306,42,73,10,0,21,57,27,73
"Swanson, D",ATL,Infield,SS,136,478,51,114,25,4,14,59,44,122
"Schwarber, K",CHC,Outfield,LF,137,428,64,102,14,3,26,61,78,140
"Wieters, M",WSH,Battery,C,76,235,24,56,8,0,8,30,30,45
"Descalso, D",ARI,Infield,3B,138,349,54,83,22,4,13,57,64,110
"Cordero, F",SD,Outfield,LF,40,139,19,33,5,1,7,19,14,55
"Herrmann, C",SEA,Battery,C,36,76,6,18,4,2,2,7,10,24
"Gonzalez, A",NYM,Infield,1B,54,169,15,40,5,0,6,26,15,34
"Villanueva, C",SD,Infield,3B,110,351,42,83,15,0,20,46,23,104
"Kratz, E",MIL,Battery,C,67,203,18,48,6,0,6,23,6,40
"Heredia, G",SEA,Outfield,LF,125,292,29,69,14,1,5,19,32,52
"Hamilton, B",CIN,Outfield,CF,153,504,74,119,16,9,4,29,46,132
"Desmond, I",COL,Infield,1B,160,555,82,131,21,8,22,88,53,146
"Garcia, A",CWS,Outfield,RF,93,356,47,84,11,2,19,49,20,102
"Gardner, B",NYY,Outfield,LF,140,530,95,125,20,7,12,45,65,107
"Arcia, O",MIL,Infield,SS,119,348,32,82,16,0,3,30,15,87
"Engel, A",CWS,Outfield,CF,143,429,49,101,17,4,6,29,18,129
"Farmer, K",LAD,Battery,C,39,68,1,16,4,1,0,9,5,15
"Healy, R",SEA,Infield,1B,133,493,51,116,15,0,24,73,27,113
"Moncada, Y",CWS,Infield,2B,149,578,73,136,32,6,17,61,67,217
"Mullins, C",BAL,Outfield,CF,45,170,23,40,9,0,4,11,17,37
"Perez, S",KC,Battery,C,129,510,52,120,23,0,27,80,17,108
"Guzman, R",TEX,Infield,1B,123,387,46,91,18,2,16,58,33,121
"Spangenberg, C",SD,Infield,3B,116,298,35,70,9,4,7,25,25,108
"Ahmed, N",ARI,Infield,SS,153,516,61,121,33,5,16,70,40,109
"Blandino, A",CIN,Infield,2B,69,128,14,30,4,0,1,8,13,41
"Greinke, Z",ARI,Battery,P,30,64,6,15,4,0,0,5,3,16
"Valera, B",BAL,Infield,2B,32,64,8,15,0,1,0,8,7,13
"Hernandez, G",SF,Outfield,CF,142,414,52,97,16,2,15,40,27,113
"Bradley Jr., J",BOS,Outfield,CF,144,474,76,111,33,4,13,59,46,137
"Herrera, R",KC,Outfield,RF,86,278,25,65,14,3,1,20,19,57
"Toles, A",LAD,Outfield,LF,17,30,5,7,2,0,0,4,2,8
"Ortega, R",MIA,Outfield,LF,41,133,10,31,3,1,0,7,10,23
"Barreto, F",OAK,Infield,2B,32,73,10,17,4,0,5,16,1,29
"Cuevas, N",COL,Outfield,RF,75,146,16,34,4,1,2,10,6,24
"Happ, I",CHC,Outfield,CF,142,387,56,90,19,2,15,44,70,167
"Lowe, B",TB,Infield,2B,43,129,16,30,6,2,6,25,16,38
"Rivera, R",ATL,Battery,C,33,86,8,20,4,0,4,11,4,35
"Schoop, J",MIL,Infield,2B,131,473,61,110,22,1,21,61,19,115
"Urshela, G",NYY,Infield,3B,19,43,7,10,1,0,1,3,2,10
"Travis, D",TOR,Infield,2B,103,357,41,83,14,3,11,44,16,64
"Caratini, V",CHC,Battery,C,76,181,21,42,7,0,2,21,12,42
"McMahon, R",COL,Infield,1B,91,181,17,42,9,1,5,19,18,64
"Kieboom, S",WSH,Battery,C,52,125,16,29,5,0,2,13,16,28
"Forsythe, L",MIN,Infield,2B,120,371,37,86,16,0,2,27,41,83
"Hedges, A",SD,Battery,C,91,303,29,70,14,2,14,37,21,90
"Escobar, A",KC,Infield,SS,140,485,54,112,22,3,4,34,29,74
"Kivlehan, P",ARI,Outfield,RF,9,13,3,3,0,2,0,0,0,6
"Riddle, J",MIA,Infield,SS,102,308,28,71,10,4,9,36,20,67
"Difo, W",WSH,Infield,2B,148,408,55,94,14,7,7,42,39,82
"Beckham, T",BAL,Infield,3B,96,369,45,85,17,0,12,35,27,100
"Kipnis, J",CLE,Infield,2B,147,530,65,122,28,1,18,75,60,112
"Rondon, J",CWS,Infield,2B,42,100,15,23,6,0,6,14,7,30
"Andreoli, J",BAL,Outfield,RF,26,61,4,14,2,0,0,4,5,19
"Austin, T",MIN,Infield,1B,69,244,34,56,10,0,17,47,19,95
"Dozier, H",KC,Infield,1B,102,362,36,83,19,4,11,34,24,109
"Swihart, B",BOS,Battery,C,82,192,28,44,10,0,3,18,15,57
"Tucker, P",ATL,Outfield,LF,97,166,19,38,11,0,6,27,13,43
"Santana, C",PHI,Infield,1B,161,560,82,128,28,2,24,86,110,93
"Davidson, M",CWS,DH,DH,123,434,51,99,23,0,20,62,52,165
"Flowers, T",ATL,Battery,C,82,251,34,57,9,0,8,30,35,76
"Bour, J",PHI,Infield,1B,141,423,49,96,13,1,20,59,73,124
"Taylor, M",WSH,Outfield,CF,134,353,46,80,22,3,6,28,29,116
"Solarte, Y",TOR,Infield,3B,122,468,50,106,20,0,17,54,31,72
"Osuna, J",PIT,Infield,3B,51,106,14,24,9,0,3,11,3,22
"Zimmer, B",CLE,Outfield,CF,34,106,14,24,5,0,2,9,7,44
"Stassi, M",HOU,Battery,C,88,221,28,50,13,0,8,27,23,74
"Goins, R",PHI,Infield,2B,41,115,10,26,8,1,0,6,4,29
"Gattis, E",HOU,Battery,C,128,407,49,92,17,0,25,78,33,101
"Murphy, T",COL,Battery,C,37,93,5,21,7,1,2,11,3,44
"Kingery, S",PHI,Infield,SS,147,452,55,102,23,2,8,35,24,126
"Pence, H",SF,Outfield,LF,97,235,19,53,11,1,4,24,11,59
"Florimon, P",PHI,Infield,SS,50,71,13,16,6,1,2,5,5,30
"Maldonado, M",HOU,Battery,C,119,373,39,84,18,1,9,44,16,98
"Federowicz, T",CIN,Battery,C,15,40,5,9,4,0,1,4,2,16
"Tocci, C",TEX,Outfield,CF,65,120,11,27,3,2,0,5,7,39
"Velasquez, V",PHI,Battery,P,30,40,2,9,1,0,0,1,0,11
"Bonifacio, J",KC,Outfield,RF,69,236,31,53,16,2,4,23,29,71
"Candelario, J",DET,Infield,3B,144,539,78,121,28,3,19,54,66,160
"Davis, R",CLE,Outfield,CF,101,196,33,44,6,1,1,6,11,48
"Iannetta, C",COL,Battery,C,110,299,36,67,13,1,11,36,50,87
"Fowler, D",OAK,Outfield,CF,69,192,19,43,3,2,6,23,8,47
"Smith, D",NYM,Infield,1B,56,143,14,32,11,1,5,11,4,47
"Kepler, M",MIN,Outfield,RF,156,532,80,119,30,4,20,58,71,96
"Bruce, J",NYM,Outfield,RF,94,319,31,71,18,1,9,37,41,75
"Calhoun, W",TEX,Outfield,LF,35,99,8,22,5,0,2,11,6,24
"Chirinos, R",TEX,Battery,C,113,360,48,80,15,1,18,65,45,140
"Joseph, C",BAL,Infield,2B,14,18,1,4,1,0,0,3,1,5
"Lamb, J",ARI,Infield,3B,56,207,34,46,8,0,6,31,26,65
"Moore, A",TB,Battery,C,8,18,2,4,1,0,1,2,1,7
"Travis, S",BOS,Infield,1B,19,36,5,8,3,0,1,7,2,10
"Field, J",MIN,Outfield,RF,83,221,28,49,13,0,9,21,7,72
"Reyes, V",DET,Outfield,LF,100,212,35,47,5,3,1,12,5,46
"Mesoraco, D",NYM,Battery,C,84,244,24,54,10,0,11,33,25,52
"Seager, K",SEA,Infield,3B,155,583,62,129,36,1,22,78,38,138
"Dean, A",MIA,Outfield,LF,34,113,16,25,4,0,4,14,7,22
"Garcia, G",STL,Infield,SS,114,181,15,40,6,0,3,15,20,37
"McCann, J",DET,Battery,C,118,427,31,94,16,0,8,39,26,116
"Souza Jr., S",ARI,Outfield,RF,72,241,21,53,15,3,5,29,28,75
"Rodriguez, R",DET,Infield,2B,62,191,17,42,7,0,5,20,10,42
"Walker, N",NYY,Infield,1B,113,347,48,76,12,1,11,46,42,87
"Joseph, C",BAL,Battery,C,82,265,28,58,14,2,3,17,10,68
"Cozart, Z",LAA,Infield,3B,58,224,29,49,13,2,5,18,19,42
"Greiner, G",DET,Battery,C,30,96,9,21,6,0,0,12,17,32
"Negron, K",SEA,Infield,2B,20,32,6,7,0,0,1,4,1,9
"Thames, E",MIL,Infield,1B,96,247,41,54,10,3,16,37,29,97
"Erlin, R",SD,Battery,P,38,23,1,5,0,0,0,0,1,11
"Flaherty, R",ATL,Infield,3B,81,161,17,35,6,0,2,13,18,41
"Kozma, P",DET,Infield,SS,27,69,7,15,4,1,1,8,2,15
"Blanco, G",SF,Outfield,CF,68,189,19,41,7,3,2,12,12,58
"Kiermaier, K",TB,Outfield,CF,88,332,44,72,12,9,7,29,25,91
"Marte, J",LAA,Infield,1B,90,194,28,42,7,1,7,22,13,41
"Stallings, J",PIT,Battery,C,14,37,2,8,0,0,0,5,3,9
"DeShields, D",TEX,Outfield,CF,106,334,52,72,14,1,2,22,43,83
"Dozier, B",LAD,Infield,2B,151,553,81,119,30,2,21,72,70,129
"D'Arnaud, C",SF,Infield,3B,42,93,9,20,5,0,3,9,4,37
"Freitas, D",SEA,Battery,C,36,93,9,20,6,0,1,5,8,25
"Delmonico, N",CWS,Outfield,LF,88,284,31,61,11,5,8,25,27,80
"Trahan, B",CIN,Infield,SS,11,14,2,3,0,0,0,0,0,4
"Crawford, J",PHI,Infield,SS,49,117,17,25,6,3,3,12,13,37
"Utley, C",LAD,Infield,2B,87,164,18,35,10,1,1,14,17,34
"Frazier, T",NYM,Infield,3B,115,408,54,87,18,0,18,59,48,112
"Lugo, D",DET,Infield,2B,27,94,10,20,4,1,1,8,7,20
"Williamson, M",SF,Outfield,RF,28,94,14,20,4,0,4,11,11,27
"Cooper, G",MIA,Outfield,LF,14,33,2,7,1,0,0,2,4,12
"McCann, B",HOU,Battery,C,63,189,22,40,3,0,7,23,19,40
"Marisnick, J",HOU,Outfield,CF,103,213,34,45,8,1,10,28,15,84
"Gimenez, C",MIN,Battery,C,25,57,7,12,1,0,2,7,6,16
"Gomber, A",STL,Battery,P,27,19,1,4,1,0,0,4,0,3
"Hermosillo, M",LAA,Outfield,CF,31,57,7,12,4,0,1,1,3,17
"Rosales, A",CLE,Infield,2B,13,19,4,4,1,0,1,2,1,5
"Vargas, I",ARI,Infield,SS,14,19,2,4,0,0,1,4,1,4
"Plawecki, K",NYM,Battery,C,79,238,33,50,13,2,7,30,28,65
"Romine, A",SEA,Infield,SS,72,119,15,25,2,1,0,2,7,39
"Guillorme, L",NYM,Infield,SS,35,67,4,14,2,0,0,5,7,3
"Newman, K",PIT,Infield,2B,31,91,7,19,2,0,0,6,4,23
"Sucre, J",TB,Battery,C,73,182,9,38,5,0,1,17,9,29
"Gomez, C",TB,Outfield,RF,118,360,42,75,15,2,9,32,25,103
"Urias, L",SD,Infield,2B,12,48,5,10,1,0,2,5,3,10
"Calhoun, K",LAA,Outfield,RF,137,491,71,102,18,2,19,57,53,133
"Joyce, M",OAK,Outfield,LF,83,207,34,43,9,0,7,15,35,53
"Jones, J",DET,Outfield,LF,129,429,54,89,22,6,11,34,24,142
"Vazquez, C",BOS,Battery,C,80,251,24,52,10,0,3,16,13,41
"Tomlinson, K",SF,Infield,SS,63,140,9,29,4,2,0,10,9,35
"Telis, T",MIA,Battery,C,23,29,2,6,1,0,0,1,2,8
"Vogelbach, D",SEA,Infield,1B,37,87,9,18,2,0,4,13,13,26
"Owings, C",ARI,Infield,2B,106,281,34,58,15,0,4,22,24,75
"Gallagher, C",KC,Battery,C,22,63,5,13,3,0,1,7,3,15
"Guyer, B",CLE,Outfield,RF,103,194,25,40,11,0,7,27,15,48
"Gallo, J",TEX,Outfield,LF,148,500,82,103,24,1,40,92,74,207
"Machado, D",DET,Infield,2B,67,214,20,44,13,1,1,21,14,41
"Holaday, B",MIA,Battery,C,61,151,7,31,5,0,1,16,10,29
"Barnes, A",LAD,Battery,C,100,200,32,41,5,0,4,14,31,67
"Bourjos, P",SF,Outfield,CF,36,44,5,9,2,1,1,4,2,15
"Suzuki, I",SEA,Outfield,RF,15,44,5,9,0,0,0,0,3,7
"Phegley, J",OAK,Battery,C,39,93,13,19,7,0,2,15,6,27
"Arcia, F",LAA,Battery,C,40,103,10,21,5,0,6,23,1,27
"Galloway, I",MIA,Outfield,RF,43,64,7,13,3,0,3,7,9,21
"Bautista, J",PHI,Outfield,RF,122,325,52,66,18,0,13,48,67,111
"Pena, F",STL,Battery,C,58,133,10,27,3,0,2,8,6,43
"Murphy, J",ARI,Battery,C,87,208,19,42,9,0,9,24,11,71
"Young Jr., E",LAA,Outfield,CF,41,109,12,22,4,2,1,8,6,28
"Mahtook, M",DET,Outfield,CF,67,223,24,45,4,2,9,29,21,66
"Bauers, J",TB,Infield,1B,96,323,48,65,22,2,11,48,54,104
"Zunino, M",SEA,Battery,C,113,373,37,75,18,0,20,44,24,150
"Baron, S",STL,Battery,C,2,5,0,1,0,0,0,0,0,2
"Bundy, D",BAL,Battery,P,2,5,1,1,0,0,0,0,0,2
"D'Arnaud, T",NYM,Battery,C,4,15,1,3,0,0,1,3,1,5
"Davis, J",TOR,Outfield,CF,20,25,3,5,1,0,0,0,1,6
"Despaigne, O",LAA,Battery,P,12,5,0,1,0,0,0,0,0,1
"Ferguson, C",LAD,Battery,P,28,5,0,1,0,0,0,0,0,3
"Gore, T",CHC,Outfield,CF,14,5,5,1,0,0,0,0,0,1
"Manaea, S",OAK,Battery,P,3,5,0,1,0,0,0,0,0,0
"Mathis, J",ARI,Battery,C,69,195,15,39,9,1,1,20,20,66
"Mills, A",CHC,Battery,P,7,5,0,1,0,0,0,0,0,2
"Nottingham, J",MIL,Battery,C,9,20,2,4,1,0,0,0,4,8
"Peterson, J",BAL,Infield,3B,96,210,21,42,13,2,3,28,31,58
"Pompey, D",TOR,Outfield,RF,5,10,0,2,0,0,0,0,1,6
"Schimpf, R",LAA,Infield,3B,5,5,2,1,0,0,1,2,2,3
"Stewart, C",ARI,Battery,C,8,15,3,3,0,0,0,3,1,1
"Tapia, R",COL,Outfield,CF,25,25,6,5,2,1,1,6,2,7
"Taylor, B",OAK,Battery,C,7,5,0,1,1,0,0,0,1,2
"Verlander, J",HOU,Battery,P,2,5,0,1,0,0,0,0,0,2
"Sano, M",MIN,Infield,3B,71,266,32,53,14,0,13,41,31,115
"Valbuena, L",LAA,Infield,3B,96,266,23,53,9,0,9,33,19,100
"Brinson, L",MIA,Outfield,CF,109,382,31,76,10,5,11,42,17,120
"Bird, G",NYY,Infield,1B,82,272,23,54,16,1,11,38,30,78
"Santander, A",BAL,Outfield,LF,33,101,8,20,5,1,1,6,6,21
"Knapp, A",PHI,Battery,C,84,187,19,37,6,2,4,15,24,75
"Corbin, P",ARI,Battery,P,31,61,1,12,1,0,0,5,2,25
"Wheeler, Z",NYM,Battery,P,27,56,4,11,2,0,0,4,0,21
"Asuaje, C",SD,Infield,2B,79,189,15,37,8,1,2,19,24,46
"Duvall, A",ATL,Outfield,LF,138,384,48,75,20,0,15,61,37,117
"Ross, T",STL,Battery,P,31,41,2,8,0,0,1,4,1,16
"Rua, R",TEX,Outfield,LF,61,139,17,27,3,1,6,12,5,53
"Cuthbert, C",KC,Infield,3B,30,103,11,20,2,0,3,7,11,23
"Martin, R",TOR,Battery,C,90,289,37,56,8,0,10,25,56,82
"Shuck, JB",MIA,Outfield,RF,70,130,10,25,3,1,0,4,10,22
"Suter, B",MIL,Battery,P,19,26,4,5,1,0,1,3,4,6
"Sierra, M",MIA,Outfield,CF,54,147,10,28,3,0,0,7,6,39
"Butera, D",COL,Battery,C,61,163,13,31,9,0,3,21,15,39
"Roark, T",WSH,Battery,P,29,58,6,11,2,1,0,8,1,19
"Dyson, J",ARI,Outfield,CF,67,206,29,39,4,2,2,12,27,34
"Ciuffo, N",TB,Battery,C,16,37,3,7,1,0,1,5,3,12
"Reyes, J",NYM,Infield,3B,110,228,30,43,12,3,4,16,22,39
"Bandy, J",MIL,Battery,C,24,64,5,12,2,0,1,1,3,23
"Bostick, C",MIA,Outfield,LF,15,16,0,3,1,0,0,2,2,7
"Lopez, P",MIA,Battery,P,11,16,1,3,0,0,0,0,1,8
"Rodriguez, J",WSH,Battery,P,14,16,2,3,1,0,0,1,0,8
"Szczur, M",SD,Outfield,RF,57,75,11,14,3,0,1,6,8,24
"Phillips, B",KC,Outfield,RF,51,134,15,25,4,3,2,11,11,61
"Moroff, M",PIT,Infield,SS,26,59,7,11,1,0,3,9,7,24
"Sanchez, G",NYY,Battery,C,89,323,51,60,17,0,18,53,46,94
"Morrison, L",MIN,Infield,1B,95,318,41,59,13,0,15,39,34,80
"Alberto, H",TEX,Infield,SS,13,27,0,5,2,0,0,0,2,4
"Miley, W",MIL,Battery,P,16,27,1,5,0,0,0,0,1,11
"Shaw, C",SF,Outfield,LF,22,54,2,10,2,0,1,7,7,23
"Luplow, J",PIT,Outfield,RF,37,92,16,17,1,3,3,7,10,18
"Herrera, D",CIN,Infield,2B,53,87,11,16,5,0,5,11,8,39
"Robinson, D",TEX,Outfield,CF,47,109,20,20,3,0,3,9,16,57
"Beckham, G",SEA,Infield,2B,22,44,3,8,1,0,0,1,4,11
"Locastro, T",LAD,Outfield,CF,18,11,6,2,1,0,0,0,2,5
"Maxwell, B",OAK,Battery,C,18,55,5,10,4,0,1,6,2,13
"Sisco, C",BAL,Battery,C,63,160,13,29,8,0,2,16,13,66
"Altherr, A",PHI,Outfield,CF,105,243,28,44,11,1,8,38,36,91
"Alvarez, P",BAL,Infield,3B,45,111,18,20,2,0,8,18,16,36
"Fowler, D",STL,Outfield,RF,90,289,40,52,10,0,8,31,38,75
"Broxton, K",MIL,Outfield,CF,51,78,15,14,2,2,4,11,11,28
"Almonte, A",KC,Outfield,CF,50,134,15,24,1,2,3,9,15,36
"Mejia, F",SD,Battery,C,21,56,6,10,2,0,3,8,5,19
"Santana, D",ATL,Outfield,CF,15,28,4,5,3,0,0,2,3,11
"Torres, R",KC,Infield,2B,9,28,4,5,1,0,0,1,1,3
"Dixon, B",CIN,Infield,2B,74,118,14,21,6,0,5,10,6,43
"Wallach, C",MIA,Battery,C,15,45,4,8,1,0,1,5,4,23
"Ward, T",LAA,Infield,3B,40,135,14,24,3,0,6,15,9,45
"Wilson, B",CHC,Battery,C,47,135,12,24,8,0,2,16,12,37
"Leon, S",BOS,Battery,C,89,265,30,47,12,0,5,22,15,75
"Valentin, J",PHI,Infield,3B,46,79,8,14,5,1,1,6,8,24
"Lee, B",MIA,Outfield,CF,8,17,0,3,0,0,0,2,1,8
"Lopez, R",SD,Battery,C,37,102,11,18,2,0,3,13,13,43
"Brito, S",ARI,Outfield,RF,24,40,3,7,0,0,1,3,3,9
"Teheran, J",ATL,Battery,P,28,40,2,7,0,0,1,4,1,8
"Davis, J",HOU,Infield,3B,42,103,9,18,2,0,1,5,10,29
"Castro, D",COL,Infield,2B,18,46,2,8,1,0,1,6,1,7
"Wilkerson, S",BAL,Infield,2B,16,46,2,8,3,0,0,3,3,16
"Rivera, Y",MIA,Infield,3B,111,139,13,24,3,0,1,9,19,51
"Wolters, T",COL,Battery,C,74,182,19,31,4,4,3,27,26,33
"Drury, B",TOR,Infield,3B,26,77,5,13,4,0,1,10,7,20
"Severino, P",WSH,Battery,C,70,190,14,32,9,0,2,15,18,47
"Young, C",LAA,Outfield,RF,56,113,17,19,2,1,6,13,11,37
"Davis, C",BAL,Infield,1B,128,470,40,79,12,0,16,49,41,192
"Perez, R",CLE,Battery,C,62,179,16,30,9,1,2,19,21,70
"Butler, D",BOS,Battery,C,2,6,0,1,0,0,0,1,0,2
"Cishek, S",CHC,Battery,P,76,6,1,1,0,0,0,0,0,2
"Cobb, A",BAL,Battery,P,3,6,0,1,0,0,0,0,0,2
"Guerrero, G",CIN,Outfield,RF,14,18,1,3,0,0,1,1,0,8
"Higashioka, K",NYY,Battery,C,29,72,6,12,2,0,3,6,6,16
"Hudson, J",LAA,Battery,C,8,12,0,2,1,0,0,1,0,0
"Marrero, D",ARI,Infield,3B,49,78,11,13,1,1,0,7,6,23
"Morton, C",HOU,Battery,P,3,6,0,1,0,0,0,0,0,5
"Navarro, E",CHC,Infield,1B,4,6,0,1,0,0,0,0,0,4
"Nido, T",NYM,Battery,C,34,84,10,14,3,0,1,9,4,27
"Orlando, P",KC,Outfield,RF,25,90,6,15,3,0,0,5,3,25
"Powell, B",OAK,Outfield,CF,7,24,3,4,1,1,0,0,1,6
"Refsnyder, R",TB,Outfield,LF,40,84,10,14,3,0,2,5,18,26
"Reinheimer, J",NYM,Infield,SS,21,30,4,5,0,0,0,0,5,9
"Rodriguez, S",PIT,Infield,2B,66,150,21,25,5,1,5,19,22,60
"Shields, J",CWS,Battery,P,3,6,0,1,0,0,0,0,0,3
"Sierra, M",WSH,Outfield,LF,27,54,4,9,2,0,0,4,2,20
"Snyder, B",TB,Infield,1B,2,6,0,1,1,0,0,0,0,2
"Suarez, R",PHI,Battery,P,4,6,0,1,0,1,0,0,0,2
"Wade, T",NYY,Infield,SS,36,66,8,11,4,0,1,5,4,23
"Avila, A",ARI,Battery,C,80,194,13,32,6,0,7,20,37,90
"Fisher, D",HOU,Outfield,CF,42,79,13,13,2,2,4,11,5,42
"DeGrom, J",NYM,Battery,P,30,67,1,11,1,0,0,5,4,25
"Walker, C",ARI,Infield,1B,37,49,6,8,2,0,3,6,3,22
"Buehler, W",LAD,Battery,P,22,43,1,7,0,0,0,1,2,21
"Centeno, J",TEX,Battery,C,10,37,3,6,1,0,1,3,1,7
"Musgrove, J",PIT,Battery,P,19,31,2,5,1,0,0,0,0,12
"Straily, D",MIA,Battery,P,25,31,2,5,1,0,0,1,8,19
"Chacin, J",MIL,Battery,P,34,56,2,9,1,0,0,1,3,17
"Chatwood, T",CHC,Battery,P,23,25,3,4,0,0,0,2,1,6
"Bumgarner, M",SF,Battery,P,21,44,2,7,2,0,0,4,1,20
"Cozens, D",PHI,Outfield,RF,26,38,2,6,2,0,1,2,6,24
"Weaver, L",STL,Battery,P,33,38,4,6,0,0,0,2,1,14
"Valaika, P",COL,Infield,3B,68,122,8,19,5,0,2,5,9,30
"Buxton, B",MIN,Outfield,CF,28,90,8,14,4,0,0,4,3,28
"Cruz, T",CIN,Battery,C,9,26,2,4,1,0,1,2,0,11
"Reynolds, M",WSH,Infield,SS,12,13,1,2,0,0,0,1,1,4
"Flaherty, J",STL,Battery,P,28,46,2,7,0,0,0,0,2,20
"Brault, S",PIT,Battery,P,43,20,0,3,1,0,0,0,1,5
"Chen, W",MIA,Battery,P,26,40,2,6,1,0,0,2,0,18
"Vargas, J",NYM,Battery,P,20,27,2,4,0,0,0,0,1,8
"Motter, T",MIN,Infield,SS,16,34,2,5,0,0,1,2,4,8
"Castro, J",MIN,Battery,C,19,63,4,9,3,0,1,3,9,26
"DeSclafani, A",CIN,Battery,P,20,42,3,6,0,0,1,4,0,25
"Evans, P",NYM,Infield,3B,15,21,1,3,0,0,0,1,2,8
"Kuhl, C",PIT,Battery,P,17,21,2,3,0,0,0,1,0,5
"Lobaton, J",NYM,Battery,C,22,49,3,7,2,1,0,4,7,15
"Mikolas, M",STL,Battery,P,32,63,4,9,1,0,2,6,2,33
"Perez, C",TEX,Battery,C,28,70,1,10,2,0,1,3,2,21
"Peters, D",MIA,Battery,P,7,7,1,1,0,0,0,0,1,2
"Robinson, S",NYY,Outfield,LF,25,49,8,7,1,0,1,2,4,6
"Vielma, E",BAL,Infield,SS,6,7,1,1,0,0,0,0,1,4
"Tucker, K",HOU,Outfield,RF,28,64,10,9,2,1,0,4,6,13
"Stratton, C",SF,Battery,P,28,43,0,6,1,0,0,5,0,26
"Pennington, C",TEX,Infield,2B,16,29,1,4,0,0,0,0,5,13
"Smith, C",MIA,Battery,P,15,22,0,3,0,0,0,1,0,13
"Kramer, K",PIT,Infield,2B,21,37,5,5,0,0,0,4,2,20
"Sogard, E",MIL,Infield,2B,55,97,7,13,3,0,0,2,12,23
"Cowart, K",LAA,Infield,SS,47,112,7,15,7,1,1,10,10,44
"Arrieta, J",PHI,Battery,P,28,45,3,6,0,0,1,3,3,27
"Rasmus, C",BAL,Outfield,RF,18,45,5,6,1,0,1,1,3,19
"Phillips, B",BOS,Infield,2B,9,23,4,3,0,0,1,2,4,7
"Smolinski, J",OAK,Outfield,CF,19,39,2,5,1,1,0,2,1,10
"Syndergaard, N",NYM,Battery,P,23,47,0,6,2,0,0,3,1,32
"Fried, M",ATL,Battery,P,14,8,1,1,0,0,0,0,0,3
"Gosselin, P",ATL,Infield,2B,20,24,5,3,0,0,1,2,4,8
"Guerra, J",SD,Infield,SS,13,16,2,2,0,0,0,1,3,9
"Haase, E",CLE,Battery,C,9,16,0,2,0,0,0,1,0,6
"Heaney, A",LAA,Battery,P,3,8,1,1,0,0,0,0,0,6
"Soroka, M",ATL,Battery,P,4,8,0,1,0,0,0,0,0,1
"Strasburg, S",WSH,Battery,P,22,41,0,5,0,0,0,1,2,12
"Hamels, C",CHC,Battery,P,12,25,1,3,0,0,1,1,1,12
"Lester, J",CHC,Battery,P,31,59,4,7,0,0,1,9,0,22
"Archer, C",PIT,Battery,P,9,17,0,2,1,0,0,0,0,6
"Garcia, J",STL,Outfield,RF,21,17,3,2,1,0,0,1,0,7
"Thompson, T",CWS,Outfield,RF,51,128,15,15,3,0,3,9,7,50
"Williams, T",PIT,Battery,P,28,43,3,5,0,0,0,0,2,13
"Bailey, H",CIN,Battery,P,19,26,0,3,0,0,0,0,1,13
"Headley, C",SD,Infield,3B,27,52,2,6,1,0,0,4,6,20
"Susac, A",BAL,Battery,C,9,26,1,3,1,0,0,0,0,12
"Guerra, J",MIL,Battery,P,29,35,2,4,3,0,0,0,0,13
"Kelly, C",STL,Battery,C,19,35,1,4,0,0,0,3,3,7
"Eovaldi, N",BOS,Battery,P,6,9,2,1,0,0,0,1,1,7
"Gonzalez, A",CWS,Battery,C,3,9,0,1,0,0,0,1,0,4
"Marjama, M",SEA,Battery,C,10,27,1,3,3,0,0,0,2,6
"Mitchell, B",SD,Battery,P,14,18,0,2,0,0,0,0,0,10
"Poncedeleon, D",STL,Battery,P,10,9,0,1,0,1,0,1,0,4
"Sardinas, L",BAL,Infield,2B,8,18,2,2,0,0,1,1,2,5
"Matz, S",NYM,Battery,P,29,46,2,5,1,0,2,4,3,13
"Cordell, R",CWS,Outfield,CF,19,37,3,4,1,0,1,4,0,15
"Alford, A",TOR,Outfield,CF,13,19,3,2,0,0,0,1,2,9
"Mahle, T",CIN,Battery,P,21,29,0,3,1,0,0,0,2,10
"McCarthy, B",ATL,Battery,P,15,29,1,3,2,0,0,2,0,19
"Blash, J",LAA,Outfield,RF,24,39,4,4,1,0,0,1,5,24
"Castillo, L",CIN,Battery,P,30,59,4,6,1,0,0,2,2,23
"Anderson, T",COL,Battery,P,32,50,7,5,0,0,0,1,3,32
"Pivetta, N",PHI,Battery,P,31,40,3,4,1,0,0,1,2,20
"Samardzija, J",SF,Battery,P,8,10,0,1,0,0,0,0,0,6
"Toussaint, T",ATL,Battery,P,8,10,1,1,0,0,0,0,0,5
"Gerber, M",DET,Outfield,CF,18,42,2,4,1,0,0,2,4,21
"Orf, N",MIL,Infield,2B,15,21,4,2,0,0,1,1,3,8
"Richard, C",SD,Battery,P,26,42,3,4,1,0,1,3,2,24
"Maeda, K",LAD,Battery,P,39,32,0,3,0,0,0,0,0,9
"Rodriguez, D",SF,Battery,P,20,32,0,3,1,0,0,1,0,16
"Tauchman, M",COL,Outfield,CF,21,32,5,3,1,0,0,0,4,15
"Hill, R",LAD,Battery,P,23,43,2,4,0,0,0,2,0,15
"Freeland, K",COL,Battery,P,30,65,5,6,2,0,0,2,2,40
"Eflin, Z",PHI,Battery,P,25,44,3,4,0,0,1,1,0,31
"Fontana, N",LAA,Infield,SS,8,11,1,1,0,0,1,1,1,6
"Kelly, T",NYM,Infield,2B,9,11,1,1,0,0,0,0,1,2
"Lugo, S",NYM,Battery,P,50,11,1,1,0,0,0,0,1,8
"Montgomery, M",CHC,Battery,P,37,33,1,3,0,0,0,1,1,20
"Pedroia, D",BOS,Infield,2B,3,11,1,1,0,0,0,0,2,1
"Stripling, R",LAD,Battery,P,35,33,0,3,0,0,0,2,0,13
"Wainwright, A",STL,Battery,P,8,11,0,1,0,0,0,1,0,6
"Anderson, C",MIL,Battery,P,28,45,1,4,0,0,0,2,0,23
"Bettis, C",COL,Battery,P,26,34,2,3,0,0,0,2,2,18
"Kingham, N",PIT,Battery,P,18,23,1,2,1,0,0,4,1,10
"Darvish, Y",CHC,Battery,P,8,12,0,1,1,0,0,0,0,7
"Ruiz, R",ATL,Infield,3B,14,12,1,1,0,0,0,0,2,5
"Senzatela, A",COL,Battery,P,22,24,1,2,1,0,0,3,0,13
"Wacha, M",STL,Battery,P,15,25,3,2,0,0,0,1,1,9
"Gonzalez, G",MIL,Battery,P,29,51,3,4,1,0,0,1,1,31
"Gray, J",COL,Battery,P,29,52,2,4,2,0,0,2,3,30
"Quintana, J",CHC,Battery,P,30,52,0,4,0,0,0,0,0,26
"Ray, R",ARI,Battery,P,24,39,2,3,1,0,0,2,0,24
"Harvey, M",CIN,Battery,P,32,53,1,4,0,0,0,1,2,19
"Taillon, J",PIT,Battery,P,30,57,0,4,1,0,0,3,1,22
"Davies, Z",MIL,Battery,P,12,15,0,1,0,0,0,0,0,8
"Hendricks, K",CHC,Battery,P,31,60,1,4,1,0,0,1,2,31
"Lauer, E",SD,Battery,P,23,30,1,2,1,0,0,1,1,15
"Buchholz, C",ARI,Battery,P,16,31,0,2,1,0,0,1,1,17
"Gant, J",STL,Battery,P,27,31,2,2,0,0,2,3,0,14
"Richards, T",MIA,Battery,P,22,31,1,2,0,0,0,2,1,17
"Suarez, A",SF,Battery,P,27,47,1,3,0,0,0,0,2,27
"Fedde, E",WSH,Battery,P,10,16,1,1,0,0,0,0,1,5
"Hellickson, J",WSH,Battery,P,18,32,0,2,1,0,0,1,0,13
"Koch, M",ARI,Battery,P,18,17,1,1,0,0,0,0,3,11
"Lucchesi, J",SD,Battery,P,24,34,2,2,0,0,0,1,4,21
"Walding, M",PHI,Infield,3B,13,17,1,1,0,0,1,2,2,12
"Godley, Z",ARI,Battery,P,32,53,1,3,0,0,0,1,4,30
"Holland, D",SF,Battery,P,34,53,2,3,1,0,0,0,1,33
"Ngoepe, G",TOR,Infield,SS,13,18,2,1,0,0,0,0,1,12
"Romano, S",CIN,Battery,P,35,36,1,2,1,0,0,2,0,24
"Foltynewicz, M",ATL,Battery,P,30,58,3,3,1,0,0,4,0,41
"Nola, A",PHI,Battery,P,32,62,0,3,1,0,0,4,1,36
"Gausman, K",ATL,Battery,P,12,21,0,1,0,0,0,0,4,11
"Wood, A",LAD,Battery,P,31,44,1,2,0,0,0,0,0,25
"Newcomb, S",ATL,Battery,P,28,45,3,2,1,0,0,1,1,32
"Urena, J",MIA,Battery,P,30,48,1,2,1,0,0,1,1,35
"Peralta, F",MIL,Battery,P,15,26,0,1,0,0,0,1,0,13
"Blach, T",SF,Battery,P,49,29,0,1,0,0,0,0,2,15
"Sanchez, A",ATL,Battery,P,23,41,0,1,0,0,0,0,1,25
"Nova, I",PIT,Battery,P,27,53,1,1,0,0,0,0,0,30
"Alcantara, S",MIA,Battery,P,6,12,0,0,0,0,0,0,1,8
"Alexander, S",LAD,Battery,P,67,5,0,0,0,0,0,0,0,5
"Almonte, Y",COL,Battery,P,14,1,0,0,0,0,0,0,0,0
"Anderson, D",PHI,Battery,P,5,3,0,0,0,0,0,0,0,1
"Anderson, T",PIT,Battery,P,6,1,0,0,0,0,0,0,0,0
"Andriese, M",ARI,Battery,P,16,1,0,0,0,0,0,0,0,1
"Aquino, A",CIN,Outfield,RF,1,1,0,0,0,0,0,0,0,1
"Avilan, L",PHI,Battery,P,14,1,0,0,0,0,0,0,0,1
"Baez, P",LAD,Battery,P,53,4,0,0,0,0,0,0,0,2
"Barria, J",LAA,Battery,P,2,5,0,0,0,0,0,0,0,1
"Bashlor, T",NYM,Battery,P,22,1,0,0,0,0,0,0,0,1
"Bauer, T",CLE,Battery,P,1,3,1,0,0,0,0,0,0,1
"Baumann, B",NYM,Battery,P,4,1,0,0,0,0,0,0,0,0
"Bautista, R",WSH,Outfield,CF,9,6,1,0,0,0,0,0,0,1
"Beck, C",NYM,Battery,P,10,2,0,0,0,0,0,0,0,2
"Beede, T",SF,Battery,P,2,2,0,0,0,0,0,0,0,2
"Beeks, J",TB,Battery,P,1,2,0,0,0,0,0,0,0,1
"Berrios, J",MIN,Battery,P,2,4,0,0,0,0,0,0,0,2
"Betances, D",NYY,Battery,P,5,1,0,0,0,0,0,0,0,1
"Blackburn, P",OAK,Battery,P,1,2,0,0,0,0,0,0,0,0
"Bowman, M",STL,Battery,P,21,1,0,0,0,0,0,0,0,0
"Boyd, M",DET,Battery,P,2,2,0,0,0,0,0,0,0,2
"Brebbia, J",STL,Battery,P,43,2,0,0,0,0,0,0,0,1
"Brice, A",CIN,Battery,P,32,1,0,0,0,0,0,0,0,1
"Butler, E",TEX,Battery,P,11,2,0,0,0,0,0,0,1,0
"Carle, S",ATL,Battery,P,51,4,0,0,0,0,0,0,0,4
"Cashner, A",BAL,Battery,P,2,3,0,0,0,0,0,0,0,1
"Castillo, D",TB,Battery,P,5,1,0,0,0,0,0,0,0,1
"Castillo, J",SD,Battery,P,34,1,0,0,0,0,0,1,0,0
"Cessa, L",NYY,Battery,P,1,1,0,0,0,0,0,0,0,1
"Chargois, J",LAD,Battery,P,35,1,0,0,0,0,0,0,0,0
"Chavez, J",CHC,Battery,P,30,1,0,0,0,0,0,0,0,1
"Chirinos, Y",TB,Battery,P,1,1,0,0,0,0,0,0,0,1
"Cimber, A",CLE,Battery,P,38,4,0,0,0,0,0,0,0,3
"Clevinger, M",CLE,Battery,P,2,4,0,0,0,0,0,0,0,4
"Cloyd, T",MIA,Battery,P,6,3,0,0,0,0,0,0,0,2
"Cole, G",HOU,Battery,P,3,9,0,0,0,0,0,0,0,8
"Colon, B",TEX,Battery,P,2,4,0,0,0,0,0,0,0,3
"Corcino, D",LAD,Battery,P,2,1,0,0,0,0,0,0,0,1
"Covey, D",CWS,Battery,P,1,1,0,0,0,0,0,0,0,1
"Cueto, J",SF,Battery,P,7,12,0,0,0,0,0,0,0,3
"Davis, A",PHI,Battery,P,31,3,0,0,0,0,0,0,0,3
"De La Rosa, J",CHC,Battery,P,57,1,1,0,0,0,0,0,1,0
"De Los Santos, E",PHI,Battery,P,7,3,0,0,0,0,0,0,0,2
"Den Dekker, M",NYM,Outfield,CF,8,18,0,0,0,0,0,1,2,9
"Dominguez, S",PHI,Battery,P,48,1,0,0,0,0,0,0,1,1
"Duensing, B",CHC,Battery,P,47,1,1,0,0,0,0,0,1,1
"Duffy, D",KC,Battery,P,1,2,0,0,0,0,0,0,0,2
"Duke, Z",SEA,Battery,P,5,1,0,0,0,0,0,0,0,1
"Eickhoff, J",PHI,Battery,P,3,1,0,0,0,0,0,0,0,1
"Estrada, M",TOR,Battery,P,1,1,0,0,0,0,0,0,0,1
"Farrell, L",LAA,Battery,P,19,4,0,0,0,0,0,0,0,3
"Feliz, M",PIT,Battery,P,44,2,0,0,0,0,0,0,0,1
"Finnegan, B",CIN,Battery,P,5,7,0,0,0,0,0,0,0,1
"Floro, D",LAD,Battery,P,48,4,0,0,0,0,0,0,0,2
"Flynn, B",KC,Battery,P,3,1,0,0,0,0,0,0,0,0
"Franklin, N",MIL,Infield,2B,1,2,0,0,0,0,0,0,0,0
"Freeman, S",ATL,Battery,P,59,1,0,0,0,0,0,0,0,1
"Fulmer, M",DET,Battery,P,3,6,0,0,0,0,0,0,0,4
"Gagnon, D",NYM,Battery,P,4,1,0,0,0,0,0,1,0,0
"Gale, R",LAD,Battery,C,3,2,0,0,0,0,0,0,0,1
"Gallardo, Y",TEX,Battery,P,4,1,0,0,0,0,0,0,0,0
"Gallegos, G",STL,Battery,P,3,1,0,0,0,0,0,0,0,0
"Garcia, J",CHC,Battery,P,9,4,0,0,0,0,0,0,0,4
"Garcia, J",MIA,Battery,P,28,9,0,0,0,0,0,0,1,7
"Garrett, A",CIN,Battery,P,60,2,0,0,0,0,0,0,0,1
"German, D",NYY,Battery,P,2,1,0,0,0,0,0,0,1,1
"Giolito, L",CWS,Battery,P,3,6,0,0,0,0,0,0,0,4
"Glasnow, T",TB,Battery,P,32,3,0,0,0,0,0,0,0,3
"Gohara, L",ATL,Battery,P,8,2,0,0,0,0,0,0,0,2
"Gomez, R",SF,Battery,P,5,2,0,0,0,0,0,0,0,2
"Gonzales, M",SEA,Battery,P,1,2,0,0,0,0,0,0,0,2
"Graves, B",MIA,Battery,P,19,2,0,0,0,0,0,0,0,1
"Gray, S",NYY,Battery,P,1,2,1,0,0,0,0,0,0,0
"Gsellman, R",NYM,Battery,P,64,3,1,0,0,0,0,0,0,2
"Hammel, J",KC,Battery,P,2,3,0,0,0,0,0,0,0,2
"Hancock, J",CHC,Battery,P,10,2,0,0,0,0,0,0,0,2
"Hand, B",CLE,Battery,P,40,1,0,0,0,0,0,0,0,0
"Hembree, H",BOS,Battery,P,6,1,0,0,0,0,0,0,0,1
"Hernandez, D",CIN,Battery,P,53,1,0,0,0,0,0,0,0,0
"Hernandez, E",MIA,Battery,P,32,11,0,0,0,0,0,0,0,7
"Hernandez, F",SEA,Battery,P,2,4,0,0,0,0,0,0,0,0
"Hess, D",BAL,Battery,P,3,2,2,0,0,0,0,0,1,0
"Hicks, J",STL,Battery,P,67,1,0,0,0,0,0,0,0,1
"Hill, T",KC,Battery,P,5,1,0,0,0,0,0,0,0,1
"Hirano, Y",ARI,Battery,P,70,1,0,0,0,0,0,0,0,0
"Holmes, C",PIT,Battery,P,11,6,1,0,0,0,0,0,0,2
"Hudson, D",STL,Battery,P,24,1,0,0,0,0,0,0,0,0
"Hudson, D",LAD,Battery,P,37,2,0,0,0,0,0,0,0,1
"Hughes, P",SD,Battery,P,17,1,0,0,0,0,0,0,0,0
"Hunter, T",PHI,Battery,P,60,1,0,0,0,0,0,0,0,0
"Iglesias, R",CIN,Battery,P,62,3,0,0,0,0,0,0,0,1
"Jackson, E",OAK,Battery,P,1,2,0,0,0,0,0,0,0,0
"Jackson, L",ATL,Battery,P,33,1,1,0,0,0,0,0,1,0
"Johnson, P",SF,Battery,P,35,1,0,0,0,0,0,0,0,0
"Johnson, S",LAA,Infield,2B,10,10,0,0,0,0,0,0,0,4
"Junis, J",KC,Battery,P,2,2,0,0,0,0,0,0,0,1
"Kaczmarski, K",NYM,Outfield,RF,4,4,0,0,0,0,0,0,1,1
"Kelley, S",OAK,Battery,P,32,1,0,0,0,0,0,0,0,1
"Kelly, C",SF,Battery,P,7,4,0,0,0,0,0,0,0,3
"Kennedy, B",SD,Battery,P,6,8,0,0,0,0,0,0,0,4
"Keuchel, D",HOU,Battery,P,1,2,0,0,0,0,0,0,0,2
"Kintzler, B",CHC,Battery,P,67,1,0,0,0,0,0,0,0,1
"Kittredge, A",TB,Battery,P,3,1,0,0,0,0,0,0,0,1
"Kluber, C",CLE,Battery,P,3,6,0,0,0,0,0,0,0,4
"Leake, M",SEA,Battery,P,2,4,0,0,0,0,0,0,0,4
"Leiter Jr., M",TOR,Battery,P,12,3,0,0,0,0,0,0,0,2
"Liberatore, A",LAD,Battery,P,17,1,1,0,0,0,0,0,0,0
"Liriano, F",DET,Battery,P,1,1,0,0,0,0,0,0,0,0
"Lively, B",KC,Battery,P,6,7,0,0,0,0,0,0,0,2
"Loaisiga, J",NYY,Battery,P,1,2,0,0,0,0,0,0,0,2
"Lockett, W",SD,Battery,P,4,4,0,0,0,0,0,0,1,4
"Lopez, R",CWS,Battery,P,1,1,0,0,0,0,0,0,0,1
"Lyles, J",MIL,Battery,P,36,15,3,0,0,0,0,1,3,8
"Lynn, L",NYY,Battery,P,3,4,0,0,0,0,0,0,0,2
"Magill, M",MIN,Battery,P,3,1,0,0,0,0,0,0,0,1
"Makita, K",SD,Battery,P,25,3,0,0,0,0,0,0,0,2
"Mayers, M",STL,Battery,P,48,1,0,0,0,0,0,0,1,1
"McCullers Jr., L",HOU,Battery,P,1,2,0,0,0,0,0,0,0,1
"McFarland, T",ARI,Battery,P,46,7,0,0,0,0,0,0,0,6
"McGowin, K",WSH,Battery,P,5,2,1,0,0,0,0,0,0,0
"McGrath, K",SD,Battery,P,4,1,0,0,0,0,0,0,0,0
"McRae, A",PIT,Battery,P,2,2,0,0,0,0,0,0,0,0
"Medlen, K",ARI,Battery,P,1,1,0,0,0,0,0,0,0,1
"Mejia, A",MIN,Battery,P,1,1,0,0,0,0,0,0,0,1
"Mella, K",CIN,Battery,P,4,2,0,0,0,0,0,0,0,2
"Mendez, Y",TEX,Battery,P,1,2,0,0,0,0,0,0,0,1
"Meyer, B",MIA,Battery,P,13,1,0,0,0,0,0,0,0,0
"Miller, A",CLE,Battery,P,3,1,0,0,0,0,0,0,0,1
"Miller, J",WSH,Battery,P,46,1,0,0,0,0,0,0,0,0
"Miller, S",ARI,Battery,P,5,3,0,0,0,0,0,1,1,1
"Milone, T",WSH,Battery,P,5,7,0,0,0,0,0,0,1,3
"Montas, F",OAK,Battery,P,2,5,0,0,0,0,0,0,0,5
"Montero, M",WSH,Battery,C,4,11,0,0,0,0,0,0,2,3
"Moronta, R",SF,Battery,P,63,1,0,0,0,0,0,0,0,1
"Morrow, B",CHC,Battery,P,35,1,0,0,0,0,0,0,0,1
"Musgrave, H",COL,Battery,P,32,3,0,0,0,0,0,0,0,1
"Neris, H",PHI,Battery,P,49,1,0,0,0,0,0,0,0,1
"Nix, J",SD,Battery,P,9,15,0,0,0,0,0,0,0,11
"Norris, D",DET,Battery,P,2,2,0,0,0,0,0,0,0,1
"Norwood, J",CHC,Battery,P,10,3,0,0,0,0,0,0,0,1
"Odorizzi, J",MIN,Battery,P,4,6,0,0,0,0,0,0,0,2
"Oswalt, C",NYM,Battery,P,15,18,0,0,0,0,0,0,0,10
"Parsons, W",ATL,Battery,P,1,1,0,0,0,0,0,0,0,1
"Peacock, B",HOU,Battery,P,3,1,0,0,0,0,0,0,0,1
"Pena, F",LAA,Battery,P,3,6,0,0,0,0,0,0,0,1
"Peralta, W",CIN,Battery,P,56,1,0,0,0,0,0,0,0,1
"Perez, M",TEX,Battery,P,3,3,0,0,0,0,0,0,0,3
"Peterson, D",DET,Outfield,RF,2,2,0,0,0,0,0,0,0,1
"Peterson, T",NYM,Battery,P,19,2,0,0,0,0,0,0,0,1
"Petricka, J",TOR,Battery,P,2,1,0,0,0,0,0,0,0,1
"Ramirez, E",SEA,Battery,P,2,3,0,0,0,0,0,0,0,2
"Ramirez, N",CLE,Battery,P,3,1,0,0,0,0,0,0,0,1
"Ramirez, Y",BAL,Battery,P,1,2,0,0,0,0,0,0,0,1
"Reed, A",HOU,Infield,1B,1,3,0,0,0,0,0,0,0,1
"Reed, C",CIN,Battery,P,17,11,0,0,0,0,0,0,1,10
"Reid-Foley, S",TOR,Battery,P,1,3,0,0,0,0,0,0,0,3
"Reyes, A",STL,Battery,P,1,1,0,0,0,0,0,0,0,1
"Rhame, J",NYM,Battery,P,29,1,0,0,0,0,0,0,0,1
"Rios, Y",PHI,Battery,P,35,1,0,0,0,0,0,0,0,1
"Robles, H",LAA,Battery,P,19,1,0,0,0,0,0,0,0,1
"Rodriguez, E",BOS,Battery,P,1,2,0,0,0,0,0,0,0,1
"Rodriguez, R",PIT,Battery,P,61,2,0,0,0,0,0,0,0,2
"Romero, F",MIN,Battery,P,1,3,0,0,0,0,0,0,0,3
"Romo, S",TB,Battery,P,5,1,0,0,0,0,0,0,0,1
"Ross, J",WSH,Battery,P,3,5,0,0,0,0,0,0,0,3
"Rucinski, D",MIA,Battery,P,31,4,0,0,0,0,0,0,0,3
"Sadler, C",PIT,Battery,P,2,2,0,0,0,0,0,0,0,1
"Salas, F",ATL,Battery,P,39,1,0,0,0,0,0,0,0,0
"Sale, C",BOS,Battery,P,1,2,0,0,0,0,0,0,0,2
"Saltalamacchia, J",DET,Battery,C,5,7,0,0,0,0,0,0,1,4
"Sanchez, A",TOR,Battery,P,1,1,0,0,0,0,0,0,0,0
"Santiago, H",CWS,Battery,P,5,4,0,0,0,0,0,0,0,2
"Saupold, W",DET,Battery,P,3,1,0,0,0,0,0,0,0,1
"Scribner, T",ARI,Battery,P,1,1,0,0,0,0,0,0,0,1
"Severino, L",NYY,Battery,P,2,5,0,0,0,0,0,0,0,4
"Sewald, P",NYM,Battery,P,44,5,0,0,0,0,0,0,0,2
"Shackelford, K",CIN,Battery,P,4,1,0,0,0,0,0,0,0,1
"Shipley, B",ARI,Battery,P,3,2,1,0,0,0,0,0,0,0
"Shreve, C",STL,Battery,P,22,1,0,0,0,0,0,0,0,1
"Sims, L",CIN,Battery,P,8,2,0,0,0,0,0,0,0,1
"Skoglund, E",KC,Battery,P,2,3,0,0,0,0,0,0,0,2
"Snell, B",TB,Battery,P,1,1,0,0,0,0,0,0,1,1
"Snelten, D",BAL,Battery,P,4,1,0,0,0,0,0,0,0,1
"Sosa, E",STL,Infield,SS,3,2,1,0,0,0,0,0,1,1
"Stephens, J",CIN,Battery,P,28,2,0,0,0,0,0,0,1,1
"Stephenson, R",CIN,Battery,P,4,2,0,0,0,0,0,0,1,1
"Stewart, B",LAD,Battery,P,9,2,0,0,0,0,0,0,0,2
"Strahm, M",SD,Battery,P,39,8,0,0,0,0,0,0,0,4
"Strop, P",CHC,Battery,P,57,2,0,0,0,0,0,0,0,0
"Suero, W",WSH,Battery,P,38,3,0,0,0,0,0,0,0,1
"Sweeney, D",TOR,Outfield,LF,2,2,0,0,0,0,0,0,2,0
"Tanaka, M",NYY,Battery,P,3,6,1,0,0,0,0,0,0,1
"Thompson, J",MIL,Battery,P,9,2,0,0,0,0,0,0,0,2
"Turnbull, S",DET,Battery,P,1,2,0,0,0,0,0,0,0,1
"Underwood Jr., D",CHC,Battery,P,1,1,0,0,0,0,0,0,0,0
"Urias, J",LAD,Battery,P,3,1,0,0,0,0,0,0,0,1
"Vazquez, F",PIT,Battery,P,64,1,0,0,0,0,0,0,0,1
"Velazquez, H",BOS,Battery,P,3,1,0,0,0,0,0,0,0,0
"VerHagen, D",DET,Battery,P,2,1,0,0,0,0,0,0,0,0
"Voth, A",WSH,Battery,P,4,2,0,0,0,0,0,0,0,1
"Walker, T",ARI,Battery,P,3,4,0,0,0,0,0,0,0,1
"Webb, T",STL,Battery,P,21,1,0,0,0,0,0,0,0,1
"Weber, R",TB,Battery,P,1,1,0,0,0,0,0,0,0,1
"Wilkerson, A",MIL,Battery,P,3,2,0,0,0,0,0,0,0,1
"Williams, J",STL,Outfield,LF,1,1,0,0,0,0,0,0,0,0
"Wilson, B",ATL,Battery,P,3,2,0,0,0,0,0,0,0,0
"Wilson, J",CHC,Battery,P,67,1,0,0,0,0,0,0,0,1
"Winkler, D",ATL,Battery,P,66,1,0,0,0,0,0,0,0,0
"Wisler, M",CIN,Battery,P,17,8,0,0,0,0,0,0,0,4
"Wright, Jr., D",BAL,Battery,P,3,1,0,0,0,0,0,0,0,0
"Wright, D",NYM,Infield,3B,2,2,0,0,0,0,0,0,1,0
"Yarbrough, R",TB,Battery,P,3,3,0,0,0,0,0,0,0,2
"Yates, K",SD,Battery,P,60,2,0,0,0,0,0,0,0,0
"Zimmermann, J",DET,Battery,P,2,2,0,0,0,0,0,0,0,2
