condition,ID
Blind,Suspect
Blind,Filler
Blinded,Suspect
Blind,Filler
Blind,Filler
Blinded,Filler
Blinded,Filler
Blind,Filler
Blinded,Suspect
Blind,Filler
Blind,Suspect
Blind,Filler
Blind,Filler
Blind,Filler
Blinded,Filler
Blind,Filler
Blinded,Filler
Blind,Filler
Blinded,Suspect
Blind,Filler
Blind,Suspect
Blind,Filler
Blinded,Suspect
Blind,Suspect
Blinded,Filler
Blinded,Filler
Blind,Filler
Blinded,Filler
Blind,Suspect
Blind,Suspect
Blinded,Filler
Blinded,Filler
Blinded,Filler
Blind,Suspect
Blind,Filler
Blind,Filler
Blind,Filler
Blind,Filler
Blind,Filler
Blinded,Filler
Blinded,Filler
Blinded,Suspect
Blind,Filler
Blinded,Filler
Blinded,Filler
Blinded,Filler
Blinded,Filler
Blinded,Suspect
Blinded,Suspect
Blind,Suspect
Blind,Filler
Blinded,Filler
Blind,Suspect
Blinded,Filler
Blind,Filler
Blinded,Filler
Blind,Filler
Blind,Suspect
Blind,Filler
Blinded,Filler
Blinded,Suspect
Blinded,Suspect
Blinded,Suspect
Blind,Filler
Blind,Filler
Blind,Filler
Blind,Filler
Blinded,Filler
Blinded,Filler
Blinded,Filler
Blind,Filler
Blinded,Filler
Blinded,Filler
Blinded,Suspect
Blind,Filler
Blind,Filler
Blinded,Filler
Blinded,Filler
Blinded,Filler
Blinded,Filler
Blind,Filler
Blind,Filler
Blind,Filler
Blind,Suspect
Blind,Filler
Blinded,Filler
Blind,Filler
Blind,Filler
Blind,Filler
Blinded,Filler
Blinded,Suspect
Blind,Filler
Blinded,Filler
Blind,Filler
Blinded,Suspect
Blinded,Filler
Blind,Filler
Blinded,Suspect
Blinded,Suspect
Blind,Filler
Blinded,Suspect
Blinded,Filler
Blinded,Filler
Blind,Filler
Blinded,Filler
Blinded,Filler
Blinded,Filler
Blind,Filler
Blinded,Filler
Blinded,Filler
Blind,Filler
Blinded,Filler
Blind,Filler
Blind,Filler
Blind,Filler
Blinded,Filler
Blinded,Suspect
Blinded,Filler
Blind,Filler
Blind,Filler
Blinded,Filler
Blind,Filler
Blinded,Suspect
Blinded,Filler
Blind,Filler
Blinded,Filler
Blinded,Filler
Blinded,Filler
Blinded,Suspect
Blinded,Filler
Blind,Filler
Blind,Suspect
Blinded,Suspect
Blinded,Suspect
Blind,Filler
Blind,Filler
Blind,Filler
Blind,Filler
Blind,Filler
Blinded,Filler
Blind,Filler
Blind,Filler
Blinded,Filler
Blinded,Suspect
Blind,Filler
Blinded,Filler
Blinded,Suspect
Blinded,Filler
Blinded,Filler
Blinded,Suspect
Blind,Filler
Blind,Filler
Blind,Suspect
Blind,Filler
Blinded,Filler
Blind,Filler
Blinded,Filler
Blind,Filler
Blinded,Filler
Blinded,Filler
Blind,Filler
Blind,Filler
Blinded,Filler
Blinded,Filler
Blind,Filler
Blind,Filler
Blinded,Filler
Blind,Filler
Blinded,Filler
Blinded,Suspect
Blinded,Filler
Blinded,Suspect
Blinded,Filler
Blind,Suspect
Blinded,Suspect
Blind,Filler
Blinded,Filler
Blinded,Filler
Blinded,Filler
Blinded,Filler
Blind,Filler
Blind,Filler
Blinded,Filler
Blind,Filler
Blind,Filler
Blind,Filler
Blind,Filler
Blind,Filler
Blinded,Suspect
Blind,Filler
Blinded,Suspect
Blind,Filler
Blind,Suspect
Blinded,Filler
Blinded,Filler
Blind,Suspect
Blind,Filler
Blinded,Filler
Blind,Filler
Blinded,Filler
Blinded,Suspect
Blind,Filler
Blinded,Filler
Blind,Filler
Blind,Filler
Blind,Filler
Blinded,Suspect
Blinded,Filler
Blind,Filler
Blinded,Filler
Blind,Filler
Blind,Filler
Blinded,Filler
Blind,Filler
Blind,Suspect
Blind,Suspect
Blind,Filler
Blind,Filler
Blinded,Filler
Blinded,Filler
Blind,Filler
Blind,Filler
Blind,Suspect
Blind,Filler
Blind,Filler
Blind,Filler
Blinded,Filler
Blind,Suspect
Blind,Filler
Blinded,Filler
Blind,Filler
Blinded,Suspect
Blind,Suspect
Blind,Filler
Blind,Filler
Blinded,Filler
Blinded,Suspect
Blinded,Suspect
Blinded,Filler
Blinded,Filler
Blind,Suspect
Blind,Filler
Blinded,Filler
Blind,Filler
Blind,Filler
Blind,Filler
Blind,Filler
Blinded,Filler
Blinded,Suspect
Blind,Filler
Blinded,Filler
Blind,Filler
Blind,Suspect
Blind,Filler
Blind,Filler
Blinded,Suspect
Blind,Filler
Blinded,Filler
Blinded,Filler
Blinded,Filler
Blinded,Filler
Blinded,Filler
Blinded,Suspect
Blinded,Suspect
Blind,Filler
Blinded,Filler
Blinded,Filler
Blind,Filler
Blind,Suspect
Blinded,Filler
Blind,Filler
Blinded,Suspect
Blind,Filler
Blind,Suspect
Blind,Filler
Blind,Filler
Blinded,Filler
Blinded,Filler
Blinded,Suspect
Blind,Suspect
Blind,Filler
Blinded,Suspect
Blinded,Filler
Blinded,Filler
Blind,Filler
Blinded,Suspect
Blind,Filler
Blind,Filler
Blinded,Filler
Blind,Filler
Blind,Filler
Blind,Filler
Blinded,Suspect
Blinded,Filler
Blinded,Filler
Blinded,Filler
Blind,Filler
Blind,Filler
Blind,Filler
Blind,Filler
Blind,Filler
Blinded,Filler
Blinded,Suspect
Blind,Filler
Blinded,Filler
Blind,Filler
Blind,Filler
Blinded,Filler
Blinded,Filler
Blind,Filler
Blind,Suspect
Blinded,Filler
Blind,Filler
Blinded,Filler
Blinded,Filler
Blinded,Filler
Blinded,Filler
Blinded,Suspect
Blinded,Filler
Blinded,Filler
Blind,Suspect
Blinded,Filler
Blind,Filler
Blinded,Filler
Blinded,Filler
Blinded,Suspect
Blinded,Suspect
Blinded,Filler
Blinded,Filler
Blinded,Filler
Blind,Suspect
Blind,Filler
Blinded,Filler
Blinded,Filler
Blind,Suspect
Blind,Suspect
Blind,Filler
Blind,Filler
Blinded,Filler
Blind,Filler
Blinded,Suspect
Blinded,Filler
Blinded,Suspect
Blind,Filler
Blinded,Filler
Blind,Filler
Blinded,Suspect
Blinded,Filler
Blind,Filler
Blinded,Suspect
Blinded,Suspect
Blinded,Filler
Blind,Filler
Blind,Filler
Blinded,Filler
Blinded,Filler
Blinded,Filler
Blinded,Filler
Blind,Filler
Blind,Filler
Blind,Filler
Blind,Filler
Blind,Filler
Blind,Suspect
Blind,Filler
Blind,Filler
Blinded,Filler
Blinded,Filler
Blind,Filler
Blind,Filler
Blind,Suspect
Blind,Filler
Blinded,Filler
Blinded,Filler
Blinded,Filler
Blinded,Suspect
Blind,Suspect
Blind,Filler
