presentation,ID
Simultaneous,Suspect
Simultaneous,Suspect
Sequential,Filler
Simultaneous,Filler
Sequential,Filler
Sequential,Filler
Simultaneous,Suspect
Sequential,Filler
Sequential,Filler
Sequential,Suspect
Sequential,Filler
Sequential,Suspect
Simultaneous,Suspect
Sequential,Filler
Simultaneous,Filler
Simultaneous,Suspect
Sequential,Suspect
Sequential,Filler
Simultaneous,Filler
Simultaneous,Filler
Simultaneous,Suspect
Sequential,Suspect
Sequential,Suspect
Simultaneous,Filler
Sequential,Filler
Simultaneous,Filler
Sequential,Suspect
Sequential,Suspect
Sequential,Filler
Sequential,Suspect
Simultaneous,Filler
Simultaneous,Filler
Sequential,Suspect
Sequential,Filler
Sequential,Filler
Sequential,Filler
Simultaneous,Suspect
Simultaneous,Suspect
Simultaneous,Filler
Simultaneous,Suspect
Sequential,Filler
Sequential,Suspect
Simultaneous,Suspect
Simultaneous,Suspect
Sequential,Suspect
Simultaneous,Suspect
Simultaneous,Suspect
Simultaneous,Filler
Simultaneous,Suspect
Sequential,Suspect
Simultaneous,Filler
Simultaneous,Filler
Simultaneous,Suspect
Simultaneous,Filler
Simultaneous,Filler
Sequential,Filler
Sequential,Filler
Sequential,Suspect
Simultaneous,Suspect
Simultaneous,Suspect
Simultaneous,Filler
Sequential,Suspect
Simultaneous,Suspect
Simultaneous,Filler
Sequential,Suspect
Sequential,Suspect
Simultaneous,Filler
Simultaneous,Filler
Sequential,Suspect
Sequential,Suspect
Sequential,Suspect
Sequential,Filler
Simultaneous,Suspect
Sequential,Suspect
Simultaneous,Suspect
Sequential,Filler
Sequential,Suspect
Sequential,Filler
Sequential,Filler
Simultaneous,Suspect
Sequential,Suspect
Simultaneous,Filler
Sequential,Filler
Sequential,Filler
Simultaneous,Suspect
Simultaneous,Suspect
Sequential,Suspect
Simultaneous,Suspect
Simultaneous,Suspect
Sequential,Suspect
Simultaneous,Filler
Simultaneous,Suspect
Simultaneous,Suspect
Simultaneous,Suspect
Simultaneous,Suspect
Simultaneous,Filler
Sequential,Filler
Simultaneous,Suspect
Sequential,Filler
Sequential,Filler
Simultaneous,Filler
Simultaneous,Suspect
Sequential,Suspect
Simultaneous,Suspect
Sequential,Filler
Simultaneous,Suspect
Simultaneous,Suspect
Simultaneous,Filler
Simultaneous,Suspect
Simultaneous,Suspect
Sequential,Suspect
Simultaneous,Filler
Simultaneous,Suspect
Sequential,Suspect
Sequential,Filler
Simultaneous,Filler
Simultaneous,Suspect
Simultaneous,Suspect
Sequential,Filler
Simultaneous,Suspect
Simultaneous,Suspect
Sequential,Filler
Simultaneous,Suspect
Simultaneous,Filler
Sequential,Suspect
Sequential,Suspect
Simultaneous,Filler
Sequential,Filler
Simultaneous,Filler
Simultaneous,Filler
Simultaneous,Filler
Simultaneous,Suspect
Sequential,Filler
Simultaneous,Suspect
Simultaneous,Filler
Sequential,Filler
Sequential,Suspect
Simultaneous,Filler
Sequential,Filler
Sequential,Filler
Simultaneous,Filler
Sequential,Filler
Simultaneous,Suspect
Sequential,Suspect
Sequential,Filler
Simultaneous,Filler
Simultaneous,Filler
Simultaneous,Filler
Sequential,Filler
Simultaneous,Filler
Sequential,Filler
Simultaneous,Suspect
Sequential,Suspect
Simultaneous,Suspect
Simultaneous,Filler
Sequential,Filler
Sequential,Suspect
Sequential,Filler
Simultaneous,Filler
Sequential,Filler
Simultaneous,Suspect
Sequential,Suspect
Sequential,Suspect
Sequential,Suspect
Simultaneous,Suspect
Sequential,Filler
Simultaneous,Filler
Simultaneous,Suspect
Sequential,Suspect
Sequential,Filler
Sequential,Filler
Simultaneous,Filler
Sequential,Filler
Simultaneous,Suspect
Sequential,Filler
Sequential,Filler
Simultaneous,Suspect
Sequential,Filler
Simultaneous,Suspect
Simultaneous,Filler
Sequential,Suspect
Simultaneous,Suspect
Simultaneous,Suspect
Simultaneous,Filler
Simultaneous,Suspect
Sequential,Filler
Sequential,Filler
Simultaneous,Suspect
Sequential,Suspect
Sequential,Suspect
Simultaneous,Filler
Sequential,Filler
Simultaneous,Filler
Sequential,Filler
Sequential,Suspect
Simultaneous,Filler
Sequential,Filler
Simultaneous,Suspect
Sequential,Filler
Simultaneous,Suspect
Sequential,Suspect
Sequential,Filler
Simultaneous,Suspect
Sequential,Suspect
Simultaneous,Suspect
Simultaneous,Suspect
Simultaneous,Filler
Simultaneous,Suspect
Sequential,Suspect
Sequential,Suspect
Sequential,Filler
Simultaneous,Suspect
Simultaneous,Filler
Simultaneous,Suspect
Simultaneous,Suspect
Simultaneous,Suspect
Sequential,Suspect
Simultaneous,Suspect
