age,nationality,sex,guess
19,Belg,F,35
22,Belg,M,20
20,belg-spaanse,F,6
20,Belg,F,30
20,belg,F,28
19,Belg,F,35
18,Belg,F,4
19,belg,F,20
24,Nederlands,F,5
19,belg,F,45
19,Belg,F,9
21,Belg,F,5
28,Belg,F,3
25,Nederlandse,M,15
22,Nederlands,F,45
27,Nederlandse,F,20
21,Belg,F,36
19,Belg,F,45
19,belg,F,30
19,Belg,F,10
19,Belg,F,13
19,Belg,F,13
19,Belg,F,50
19,Belg,F,70
19,belg,F,30
19,Belg,F,55
19,Belg,F,16
19,belg,F,20
19,belg,F,30
22,Belg,M,15
19,Belg,F,30
18,Belg,F,58
19,Belg,F,20
19,Belg,F,20
19,belg,F,20
20,Belg,F,20
19,Belg,F,3
19,Belg,F,5
19,Belg,F,35
19,Belg,F,50
42,belg,F,15
20,Belg,F,10
20,Belg,F,45
31,Belg,F,5
19,Belg,F,5
19,Belg,F,55
19,Nederlands,F,6
19,Belg,F,50
20,Belg,M,30
19,belg,F,25
19,Belg,F,20
23,belg,F,10
31,Belg,M,3
20,belg,F,30
20,Belg/Nederlander,F,2
19,BELG,F,35
18,belg,F,40
19,belg,F,5
19,Belg,F,30
19,Belg,F,24
20,KAZ,M,30
21,Belg,F,7
22,Belg,F,70
19,belg,F,10
19,Belg,F,20
19,Belg,F,5
19,Belg,F,30
22,Belg,F,15
21,Belg,F,15
19,Belg,F,15
19,Belg,F,10
21,Nederlandse,F,40
19,Belg,F,30
22,Belg,F,48
22,Belg,F,30
21,Brits,M,7
19,Belg,F,8
19,Belg,F,11
19,belg,F,3
19,Belg,F,20
25,Nederlandse,F,40
19,Belg,F,20
20,Belg,F,30
20,Belg,F,63
19,belg,M,40
20,Nederlands,F,20
20,Belg,F,10
19,belg,F,5
20,Belg,F,5
29,Nederlands,F,30
24,belgisch,F,10
20,belg,F,50
19,Belg,F,20
24,belg,M,46
20,Belg,F,20
19,Belg,F,25
20,Vlaming,F,20
24,Belg,M,16
19,Belg,F,15
19,Belg,F,30
19,Belg,F,30
18,Belg,F,10
19,Belg,F,3
19,Belg,F,23
20,Belg,M,10
19,Belg,F,30
19,belg,F,35
21,Belg,M,55
19,Belg,F,8
19,belg,F,2
19,Belg,M,20
19,Belg,F,5
19,Belg,F,19
20,Belg,F,38
21,belg,F,12
19,Belg,F,35
21,Belg,F,65
19,Belg,F,30
22,belg,M,75
21,Belg,F,35
19,Belg,F,20
25,Belg,F,40
22,belg,F,1
29,Belg,F,80
22,nederlandse,F,40
20,Belg,F,30
22,duits,F,13
19,Belg,F,35
19,belgisch,M,30
18,Belg,M,35
18,belgisch,M,35
19,DuitsBelgischVSAmerikaans,M,1
18,Belg,M,20
19,Belg,M,46
17,Belg,M,10
18,Belg,M,45
17,Belg,M,70
26,Belg,M,20
18,Nederlands,M,28
18,Belg,M,35
18,Belg,M,20
18,belg,M,50
23,Nederlands,M,20
18,Belg,M,10
22,Belg,M,22
18,Belg,M,50
21,nederlands,M,50
18,belg,M,6
18,Belg,M,5
17,Belg,M,20
18,Belg,M,30
21,Nederlandse,M,20
17,Belg,M,5
18,belg,M,15
18,Belg,M,40
17,Belgisch,M,20
19,Belg,M,50
18,Belg,M,17
18,Belg,M,40
22,Duits,M,20
18,Belg,M,40
18,Belg,M,20
19,Belg,M,5
23,Nederlandse,M,60
20,Belgische,M,30
19,Belg,M,60
18,Belg,M,30
18,Belg,M,10
18,Belg,M,36
18,Belg,M,18
19,Belg,M,15
19,Belg,M,65
19,Belg,M,25
20,Belg,M,2
19,belg,M,10
18,Belg,M,12
18,Belg,M,50
19,belg,M,40
18,Belg,M,15
19,belg,M,5
19,Belg,M,20
21,Belg,M,40
18,Belg,M,55
18,Belg,M,25
18,Belg,M,20
17,Belg,M,20
19,Belg,M,6
18,Belg,M,20
18,Belg,M,3
18,Belg,M,15
49,Nederlandse,M,20
23,Belg,M,15
17,Belg,M,50
20,Brits,M,8
19,Belg,M,60
18,Belg,M,10
19,belg,M,50
18,Belg,M,20
18,Belg,M,32
17,BELG,M,45
17,Belg,M,2
19,Belg,M,30
18,Belg,M,40
17,Belg,M,27
18,Belg,M,32
19,Belg,M,60
18,Belg,M,15
18,Belg,M,10
18,Belg,M,44
18,Belg,M,15
18,Belg,M,30
18,Belg,M,75
18,Nederlands,M,15
18,Belg,M,8
18,Belg,M,19
19,Belg,M,10
18,Belg,M,15
18,Belg,M,20
18,Belg,M,21
18,Belg,M,50
18,belg,M,30
18,Belg,M,20
18,Belg,M,40
18,Belg,M,15
19,Belg,M,30
18,belg,M,35
21,Belg,M,40
18,Belg,M,20
19,Belg,M,10
18,Belg,M,5
19,Nederlandse,M,20
18,belg,M,50
18,Belg,M,25
19,Belg,M,30
18,Belg,M,30
18,Belg,M,5
18,Belg,M,30
18,Belg,M,10
18,Belg,M,35
18,belg,M,30
19,Belg,M,22
19,Belg,M,10
18,Belg,M,70
18,Belg,M,50
18,Belg,M,32
17,belgisch,M,10
19,Belg,M,20
18,belg,M,2
18,Belg,M,24
18,Belg,M,5
18,belg,M,12
19,Belg,M,15
18,Belg,M,20
18,belg,M,48
18,Belg,M,10
23,Belgische,M,16
19,Belg,M,30
22,Belg,M,20
19,Belg,M,5
18,Belg,M,3
20,Belg,M,8
18,Belg,M,30
17,Belg,M,35
18,BELG,M,20
17,Belg,M,30
18,Belg,M,40
18,Belg,M,10
19,Belg,M,5
18,Belg,M,38
18,Belg,M,30
19,Belg,M,5
18,Belg,M,50
18,belg,M,40
17,belg,M,25
20,Belg,M,25
18,Belgisch,M,52
18,Belg,M,50
18,Belg,M,10
18,Belg,M,39
19,Belgisch,M,40
18,Belg,M,12
19,Belg,M,15
18,Belg,M,35
18,Belg,M,50
19,Belg,M,10
18,Belg,M,25
19,Belg,M,10
19,Belg,M,4
18,Belg,M,50
18,Belg,M,5
19,belg,M,40
18,Nederlandse,M,25
18,belg,M,3
18,Belg,M,47
18,belg,M,20
18,Belg,M,35
18,belg,M,10
22,Belg,M,60
19,Nederlandse,M,4
24,Belg,M,30
20,Belg,M,46
19,Belg,M,30
17,Belg,M,60
18,Belg,M,3
19,Belg,M,5
18,Belg,M,35
18,belg,M,60
17,Belg,M,20
19,Belg,M,40
19,belg,M,20
18,Belg,M,50
19,Belg,M,20
18,Belg,M,8
19,Belg,M,10
19,Belgisch,M,25
18,Belg,M,20
17,Belg,M,39
18,Belg,M,35
18,Belg,M,60
21,Nederlandse,M,10
18,Belg,M,30
16,Belg,M,4
18,Belg,M,20
19,Belg,M,12
18,belg,M,50
18,Belg,M,20
18,Belg,M,25
18,Belg,M,45
18,Belg,M,22
18,Belg,M,10
19,belg,M,55
17,Belg,M,30
18,belg,M,20
18,Belg,M,40
18,Belg,M,12
19,Belg,M,5
18,Belg,M,35
19,Duits,M,35
18,Belg,M,5
18,Belg,M,60
19,Belg,M,20
18,Belg,M,30
20,Belg,M,50
18,Belg,M,54
19,Belg,M,5
18,Belg,M,20
18,Belg,M,15
18,Belg,M,10
18,Belg,M,50
18,Belg,M,10
17,Belg,M,3
19,Belg,M,10
18,belg,M,20
20,belgischvlaams,M,18
18,belg,M,10
19,Belg,M,5
18,Belg,M,40
19,Belg,M,5
18,Belg,M,21
18,Belg,M,20
19,Nederlandse,M,10
16,Belg,M,10
18,Belg,M,40
18,belg,M,13
18,Belg,M,2
19,belg,M,35
18,belg,M,20
19,Belg,M,25
18,belg,M,15
19,Bulgaars,M,50
18,Belg,M,40
18,Belg,M,20
18,Belg,M,25
18,Nederlands,M,45
18,Belg,M,2
19,Belg,M,4
22,Nederlandse,M,25
18,Belg,M,30
20,Belg,M,26
18,Belg,M,87
19,Belg,M,35
19,Belgische,M,20
19,belg,M,45
18,Belg,M,30
18,Belg,M,60
18,Belg,M,40
18,Belg,M,7
18,Belg,M,20
26,Belg,M,10
38,Belg,M,2
18,belgische,M,16
18,Belg,M,53
18,Belg,M,60
18,Belg,M,30
18,Belg,M,30
18,Belg,M,20
18,Slowaaks,M,10
18,nederlands,M,8
18,Belg,M,50
18,Belg,M,50
19,Belg,M,60
18,Belg,M,50
35,Belg,M,6
18,Belg,M,30
18,Belgische,M,20
19,Belg,M,55
20,Belg,M,32
18,BELG,M,60
18,Belg,M,30
18,Nederlands,M,61
18,belgiÃ«,M,45
18,Belg,M,10
20,belg,M,20
18,Belg,M,60
18,Belg,M,10
18,belg,M,15
18,Belg,M,20
18,belg,M,15
19,Belg,M,10
19,Belg,M,50
18,Belg,M,65
19,Belg,M,20
20,Duits,M,45
21,Belg,M,30
18,Belg,M,5
18,belg,M,16
18,Belg,M,30
18,Belgisch,M,30
24,nederlands,M,30
18,Belg,M,5
19,Belg,M,10
18,Belg,M,30
18,Belg,M,5
18,Belg,M,20
18,Belg,M,30
17,Belgisch,M,40
18,Belg,M,20
18,Belg,M,40
18,Belg,M,40
19,Belgisch,M,30
18,Belg,M,70
22,nederlands,M,25
17,Spanje,M,34
18,Belg,M,40
18,Belg,M,60
17,Belg,M,40
18,Belg,M,40
18,Belg,M,45
18,Belg,M,60
18,Belg,M,30
18,Belg,M,33
20,belg,M,25
18,belg,M,42
18,Belg,M,29
18,belgisch,M,40
18,Belg,M,30
18,Belg,M,8
18,Belg,M,12
18,Belg,M,26
18,Belg,M,33
18,Nederlands,M,30
18,belg,M,20
18,Belg,M,55
18,Belg,M,40
18,Belg,M,53
18,Belg,M,65
17,Belg,M,5
18,Belg,M,70
18,Belg,M,30
18,Belg,M,50
18,Belgisch,M,5
